S.No,Fivegram,Location Vector,Signature,Signature Weight,Tf,Idf,Tf - Idf Score,Is First Letter Capitalized,POS
1,Acrobat PDFMaker 7.0 for Word,0 2 0 2 1 0,"['TaggedPDF-doc', '{adobe:ns:meta/}xmpmeta', '{http://www.w3.org/1999/02/22-rdf-syntax-ns#}RDF', '{http://www.w3.org/1999/02/22-rdf-syntax-ns#}Description', '{http://ns.adobe.com/xap/1.0/}CreatorTool', 'statement', 'word']",{},0.0005497526113249038,1.568201724066995,0.0008621229928900468,No,"['NNP', 'NNP', 'CD', 'IN', 'NNP']"
2,IEEE Standard 754 for Binary,0 5 3 0 1,"['TaggedPDF-doc', 'Part', 'P', 'Link', 'statement', 'word']",['Link'],0.002748763056624519,1.2671717284030137,0.0034831548334332426,No,"['NNP', 'NNP', 'CD', 'IN', 'NNP']"
3,Standard 754 for Binary Floating-Point,0 5 3 0 1,"['TaggedPDF-doc', 'Part', 'P', 'Link', 'statement', 'word']",['Link'],0.002748763056624519,1.2671717284030137,0.0034831548334332426,No,"['NNP', 'CD', 'IN', 'NNP', 'JJ']"
4,754 for Binary Floating-Point Arithmetic,0 5 3 0 1,"['TaggedPDF-doc', 'Part', 'P', 'Link', 'statement', 'word']",['Link'],0.0010995052226498076,1.2671717284030137,0.001393261933373297,No,"['CD', 'IN', 'NNP', 'JJ', 'NNP']"
5,3.3.1 Round to nearest even,0 5 15 0 0,"['TaggedPDF-doc', 'Part', 'P', 'Link', 'statement', 'word']",['Link'],0.0010995052226498076,1.2671717284030137,0.001393261933373297,No,"['CD', 'NNP', 'TO', 'VB', 'RB']"
6,Arithmetic on floating point numbers,0 5 19 0 1,"['TaggedPDF-doc', 'Part', 'P', 'Link', 'statement', 'word']",['Link'],0.0010995052226498076,1.2671717284030137,0.001393261933373297,No,"['JJ', 'IN', 'NN', 'NN', 'NNS']"
7,IEEE Standard 754 for Binary,0 10 26 2 0 1,"['TaggedPDF-doc', 'Sect', 'TOC', 'TOCI', 'Link', 'statement', 'word']",['Link'],0.002748763056624519,1.2671717284030137,0.0034831548334332426,No,"['NNP', 'NNP', 'CD', 'IN', 'NNP']"
8,Standard 754 for Binary Floating-Point,0 10 26 2 0 1,"['TaggedPDF-doc', 'Sect', 'TOC', 'TOCI', 'Link', 'statement', 'word']",['Link'],0.002748763056624519,1.2671717284030137,0.0034831548334332426,No,"['NNP', 'CD', 'IN', 'NNP', 'JJ']"
9,754 for Binary Floating-Point Arithmetic..........................................3,0 10 26 2 0 1,"['TaggedPDF-doc', 'Sect', 'TOC', 'TOCI', 'Link', 'statement', 'word']",['Link'],0.0005497526113249038,1.2671717284030137,0.0006966309666866485,No,"['CD', 'IN', 'NNP', 'JJ', 'NNP', ':', ':', ':', ':', ':', ':', ':', ':', ':', ':', ':', ':', ':', ':', 'CD']"
10,3.3.1 Round to nearest even...................................................................................................................7,0 10 26 13 0 0,"['TaggedPDF-doc', 'Sect', 'TOC', 'TOCI', 'Link', 'statement', 'word']",['Link'],0.0005497526113249038,1.2671717284030137,0.0006966309666866485,No,"['CD', 'NNP', 'TO', 'VB', 'RB', ':', ':', ':', ':', ':', ':', ':', ':', ':', ':', ':', ':', ':', ':', ':', ':', ':', ':', ':', ':', ':', ':', ':', ':', ':', ':', ':', ':', ':', ':', ':', ':', ':', ':', ':', ':', ':', ':', 'CD']"
11,Arithmetic on floating point numbers...........................................................................8,0 10 26 17 0 1,"['TaggedPDF-doc', 'Sect', 'TOC', 'TOCI', 'Link', 'statement', 'word']",['Link'],0.0005497526113249038,1.2671717284030137,0.0006966309666866485,No,"['JJ', 'IN', 'NN', 'NN', 'NNS', ':', ':', ':', ':', ':', ':', ':', ':', ':', ':', ':', ':', ':', ':', ':', ':', ':', ':', ':', ':', ':', ':', ':', ':', ':', 'CD']"
12,The floating point unit (FPU),0 11 3 0,"['TaggedPDF-doc', 'Sect', 'Normal', 'statement', 'word']",{},0.0005497526113249038,1.2671717284030137,0.0006966309666866485,No,"['DT', 'NN', 'NN', 'NN', ':', 'NNP', ':']"
13,floating point unit (FPU) implemented,0 11 3 0,"['TaggedPDF-doc', 'Sect', 'Normal', 'statement', 'word']",{},0.0005497526113249038,1.2671717284030137,0.0006966309666866485,No,"['VBG', 'NN', 'NN', ':', 'NNP', ':', 'VBD']"
14,point unit (FPU) implemented during,0 11 3 0,"['TaggedPDF-doc', 'Sect', 'Normal', 'statement', 'word']",{},0.0005497526113249038,1.2671717284030137,0.0006966309666866485,No,"['NN', 'NN', ':', 'NNP', ':', 'VBD', 'IN']"
15,unit (FPU) implemented during this,0 11 3 0,"['TaggedPDF-doc', 'Sect', 'Normal', 'statement', 'word']",{},0.0005497526113249038,1.2671717284030137,0.0006966309666866485,No,"['NN', '``', 'NNP', 'NNP', 'VBD', 'IN', 'DT']"
16,"(FPU) implemented during this project,",0 11 3 0,"['TaggedPDF-doc', 'Sect', 'Normal', 'statement', 'word']",{},0.0005497526113249038,1.2671717284030137,0.0006966309666866485,No,"['NN', 'NNP', 'NNP', 'VBD', 'IN', 'DT', 'NN']"
17,"implemented during this project, is",0 11 3 0,"['TaggedPDF-doc', 'Sect', 'Normal', 'statement', 'word']",{},0.0005497526113249038,1.2671717284030137,0.0006966309666866485,No,"['VBD', 'IN', 'DT', 'NN', ',', 'VBZ']"
18,"during this project, is a",0 11 3 0,"['TaggedPDF-doc', 'Sect', 'Normal', 'statement', 'word']",{},0.0005497526113249038,1.2671717284030137,0.0006966309666866485,No,"['IN', 'DT', 'NN', ',', 'VBZ', 'DT']"
19,"this project, is a 32-bit",0 11 3 0,"['TaggedPDF-doc', 'Sect', 'Normal', 'statement', 'word']",{},0.0005497526113249038,1.2671717284030137,0.0006966309666866485,No,"['DT', 'NN', ',', 'VBZ', 'DT', 'JJ']"
20,"project, is a 32-bit processing",0 11 3 0,"['TaggedPDF-doc', 'Sect', 'Normal', 'statement', 'word']",{},0.0005497526113249038,1.2671717284030137,0.0006966309666866485,No,"['NN', ',', 'VBZ', 'DT', 'JJ', 'NN']"
21,is a 32-bit processing unit,0 11 3 0,"['TaggedPDF-doc', 'Sect', 'Normal', 'statement', 'word']",{},0.0005497526113249038,1.2671717284030137,0.0006966309666866485,No,"['VBZ', 'DT', 'JJ', 'NN', 'NN']"
22,a 32-bit processing unit which,0 11 3 0,"['TaggedPDF-doc', 'Sect', 'Normal', 'statement', 'word']",{},0.0005497526113249038,1.2671717284030137,0.0006966309666866485,No,"['DT', 'JJ', 'NN', 'NN', 'WDT']"
23,32-bit processing unit which allows,0 11 3 0,"['TaggedPDF-doc', 'Sect', 'Normal', 'statement', 'word']",{},0.0005497526113249038,1.2671717284030137,0.0006966309666866485,No,"['JJ', 'NN', 'NN', 'WDT', 'VBZ']"
24,processing unit which allows arithmetic,0 11 3 0,"['TaggedPDF-doc', 'Sect', 'Normal', 'statement', 'word']",{},0.0005497526113249038,1.2671717284030137,0.0006966309666866485,No,"['NN', 'NN', 'WDT', 'VBZ', 'JJ']"
25,unit which allows arithmetic operations,0 11 3 0,"['TaggedPDF-doc', 'Sect', 'Normal', 'statement', 'word']",{},0.0005497526113249038,1.2671717284030137,0.0006966309666866485,No,"['NN', 'WDT', 'VBZ', 'JJ', 'NNS']"
26,which allows arithmetic operations on,0 11 3 0,"['TaggedPDF-doc', 'Sect', 'Normal', 'statement', 'word']",{},0.0005497526113249038,1.2671717284030137,0.0006966309666866485,No,"['WDT', 'VBZ', 'JJ', 'NNS', 'IN']"
27,allows arithmetic operations on floating,0 11 3 0,"['TaggedPDF-doc', 'Sect', 'Normal', 'statement', 'word']",{},0.0005497526113249038,1.2671717284030137,0.0006966309666866485,No,"['NNS', 'JJ', 'NNS', 'IN', 'VBG']"
28,arithmetic operations on floating point,0 11 3 0,"['TaggedPDF-doc', 'Sect', 'Normal', 'statement', 'word']",{},0.0005497526113249038,1.2671717284030137,0.0006966309666866485,No,"['JJ', 'NNS', 'IN', 'VBG', 'NN']"
29,operations on floating point numbers,0 11 3 0,"['TaggedPDF-doc', 'Sect', 'Normal', 'statement', 'word']",{},0.0005497526113249038,1.2671717284030137,0.0006966309666866485,No,"['NNS', 'IN', 'VBG', 'NN', 'NNS']"
30,The FPU complies fully with,0 11 3 1,"['TaggedPDF-doc', 'Sect', 'Normal', 'statement', 'word']",{},0.0005497526113249038,1.2671717284030137,0.0006966309666866485,No,"['DT', 'NNP', 'VBZ', 'RB', 'IN']"
31,FPU complies fully with the,0 11 3 1,"['TaggedPDF-doc', 'Sect', 'Normal', 'statement', 'word']",{},0.0005497526113249038,1.2671717284030137,0.0006966309666866485,No,"['NNP', 'NNS', 'RB', 'IN', 'DT']"
32,complies fully with the IEEE,0 11 3 1,"['TaggedPDF-doc', 'Sect', 'Normal', 'statement', 'word']",{},0.0005497526113249038,1.2671717284030137,0.0006966309666866485,No,"['NNS', 'RB', 'IN', 'DT', 'NNP']"
33,fully with the IEEE 754,0 11 3 1,"['TaggedPDF-doc', 'Sect', 'Normal', 'statement', 'word']",{},0.0005497526113249038,1.2671717284030137,0.0006966309666866485,No,"['RB', 'IN', 'DT', 'NNP', 'CD']"
34,with the IEEE 754 Standard,0 11 3 1,"['TaggedPDF-doc', 'Sect', 'Normal', 'statement', 'word']",{},0.0005497526113249038,1.0910804693473326,0.0005998243371892977,No,"['IN', 'DT', 'NNP', 'CD', 'NNP']"
35,the IEEE 754 Standard [1],0 11 3 1,"['TaggedPDF-doc', 'Sect', 'Normal', 'statement', 'word']",{},0.0005497526113249038,1.2671717284030137,0.0006966309666866485,No,"['DT', 'NNP', 'CD', 'NNP', 'NNP', 'CD', 'CD']"
36,The FPU supports the following,0 11 4 0,"['TaggedPDF-doc', 'Sect', 'Normal', 'statement', 'word']",{},0.0005497526113249038,1.0910804693473326,0.0005998243371892977,No,"['DT', 'NNP', 'VBZ', 'DT', 'VBG']"
37,FPU supports the following arithmetic,0 11 4 0,"['TaggedPDF-doc', 'Sect', 'Normal', 'statement', 'word']",{},0.0005497526113249038,1.2671717284030137,0.0006966309666866485,No,"['NNP', 'NNS', 'DT', 'VBG', 'JJ']"
38,supports the following arithmetic operations:,0 11 4 0,"['TaggedPDF-doc', 'Sect', 'Normal', 'statement', 'word']",{},0.0005497526113249038,1.2671717284030137,0.0006966309666866485,No,"['NNS', 'DT', 'VBG', 'JJ', 'NN']"
39,For each operation the following,0 11 8 0,"['TaggedPDF-doc', 'Sect', 'Normal', 'statement', 'word']",{},0.0005497526113249038,1.2671717284030137,0.0006966309666866485,No,"['IN', 'DT', 'NN', 'DT', 'VBG']"
40,each operation the following rounding,0 11 8 0,"['TaggedPDF-doc', 'Sect', 'Normal', 'statement', 'word']",{},0.0005497526113249038,1.2671717284030137,0.0006966309666866485,No,"['DT', 'NN', 'DT', 'VBG', 'NN']"
41,operation the following rounding modes,0 11 8 0,"['TaggedPDF-doc', 'Sect', 'Normal', 'statement', 'word']",{},0.0005497526113249038,1.2671717284030137,0.0006966309666866485,No,"['NN', 'DT', 'VBG', 'NN', 'NNS']"
42,the following rounding modes are,0 11 8 0,"['TaggedPDF-doc', 'Sect', 'Normal', 'statement', 'word']",{},0.0005497526113249038,1.2671717284030137,0.0006966309666866485,No,"['DT', 'VBG', 'NN', 'NNS', 'VBP']"
43,following rounding modes are supported:,0 11 8 0,"['TaggedPDF-doc', 'Sect', 'Normal', 'statement', 'word']",{},0.0005497526113249038,1.2671717284030137,0.0006966309666866485,No,"['VBG', 'NN', 'NNS', 'VBP', 'JJ']"
44,The FPU was written in,0 11 13 0,"['TaggedPDF-doc', 'Sect', 'Normal', 'statement', 'word']",{},0.0005497526113249038,1.2671717284030137,0.0006966309666866485,No,"['DT', 'NNP', 'VBD', 'VBN', 'IN']"
45,FPU was written in VHDL,0 11 13 0,"['TaggedPDF-doc', 'Sect', 'Normal', 'statement', 'word']",{},0.0005497526113249038,1.2671717284030137,0.0006966309666866485,No,"['NNP', 'VBD', 'VBN', 'IN', 'NNP']"
46,was written in VHDL with,0 11 13 0,"['TaggedPDF-doc', 'Sect', 'Normal', 'statement', 'word']",{},0.0005497526113249038,1.2671717284030137,0.0006966309666866485,No,"['VBD', 'VBN', 'IN', 'NNP', 'IN']"
47,written in VHDL with top,0 11 13 0,"['TaggedPDF-doc', 'Sect', 'Normal', 'statement', 'word']",{},0.0005497526113249038,1.2671717284030137,0.0006966309666866485,No,"['VBN', 'IN', 'NNP', 'IN', 'JJ']"
48,in VHDL with top priority,0 11 13 0,"['TaggedPDF-doc', 'Sect', 'Normal', 'statement', 'word']",{},0.0005497526113249038,1.2671717284030137,0.0006966309666866485,No,"['IN', 'NNP', 'IN', 'JJ', 'NN']"
49,VHDL with top priority to,0 11 13 0,"['TaggedPDF-doc', 'Sect', 'Normal', 'statement', 'word']",{},0.0005497526113249038,1.2671717284030137,0.0006966309666866485,No,"['NNP', 'IN', 'JJ', 'NN', 'TO']"
50,with top priority to be,0 11 13 0,"['TaggedPDF-doc', 'Sect', 'Normal', 'statement', 'word']",{},0.0005497526113249038,1.2671717284030137,0.0006966309666866485,No,"['IN', 'JJ', 'NN', 'TO', 'VB']"
51,top priority to be able,0 11 13 0,"['TaggedPDF-doc', 'Sect', 'Normal', 'statement', 'word']",{},0.0005497526113249038,1.2671717284030137,0.0006966309666866485,No,"['JJ', 'NN', 'TO', 'VB', 'JJ']"
52,priority to be able to,0 11 13 0,"['TaggedPDF-doc', 'Sect', 'Normal', 'statement', 'word']",{},0.0005497526113249038,1.2671717284030137,0.0006966309666866485,No,"['NN', 'TO', 'VB', 'JJ', 'TO']"
53,to be able to run,0 11 13 0,"['TaggedPDF-doc', 'Sect', 'Normal', 'statement', 'word']",{},0.0005497526113249038,1.2671717284030137,0.0006966309666866485,No,"['TO', 'VB', 'JJ', 'TO', 'VB']"
54,be able to run at,0 11 13 0,"['TaggedPDF-doc', 'Sect', 'Normal', 'statement', 'word']",{},0.0005497526113249038,1.2671717284030137,0.0006966309666866485,No,"['VB', 'JJ', 'TO', 'VB', 'IN']"
55,able to run at approximately,0 11 13 0,"['TaggedPDF-doc', 'Sect', 'Normal', 'statement', 'word']",{},0.0005497526113249038,1.2671717284030137,0.0006966309666866485,No,"['JJ', 'TO', 'VB', 'IN', 'RB']"
56,to run at approximately 100-MHz,0 11 13 0,"['TaggedPDF-doc', 'Sect', 'Normal', 'statement', 'word']",{},0.0005497526113249038,1.2671717284030137,0.0006966309666866485,No,"['TO', 'VBN', 'IN', 'RB', 'CD']"
57,run at approximately 100-MHz and,0 11 13 0,"['TaggedPDF-doc', 'Sect', 'Normal', 'statement', 'word']",{},0.0005497526113249038,1.2671717284030137,0.0006966309666866485,No,"['NN', 'IN', 'RB', 'CD', 'CC']"
58,at approximately 100-MHz and at,0 11 13 0,"['TaggedPDF-doc', 'Sect', 'Normal', 'statement', 'word']",{},0.0005497526113249038,1.2671717284030137,0.0006966309666866485,No,"['IN', 'RB', 'CD', 'CC', 'IN']"
59,approximately 100-MHz and at the,0 11 13 0,"['TaggedPDF-doc', 'Sect', 'Normal', 'statement', 'word']",{},0.0005497526113249038,1.2671717284030137,0.0006966309666866485,No,"['RB', 'CD', 'CC', 'IN', 'DT']"
60,100-MHz and at the same,0 11 13 0,"['TaggedPDF-doc', 'Sect', 'Normal', 'statement', 'word']",{},0.0005497526113249038,1.2671717284030137,0.0006966309666866485,No,"['CD', 'CC', 'IN', 'DT', 'JJ']"
61,and at the same time,0 11 13 0,"['TaggedPDF-doc', 'Sect', 'Normal', 'statement', 'word']",{},0.0010995052226498076,1.2671717284030137,0.001393261933373297,No,"['CC', 'IN', 'DT', 'JJ', 'NN']"
62,at the same time as,0 11 13 0,"['TaggedPDF-doc', 'Sect', 'Normal', 'statement', 'word']",{},0.0005497526113249038,1.2671717284030137,0.0006966309666866485,No,"['IN', 'DT', 'JJ', 'NN', 'IN']"
63,the same time as small,0 11 13 0,"['TaggedPDF-doc', 'Sect', 'Normal', 'statement', 'word']",{},0.0005497526113249038,1.2671717284030137,0.0006966309666866485,No,"['DT', 'JJ', 'NN', 'IN', 'JJ']"
64,same time as small as,0 11 13 0,"['TaggedPDF-doc', 'Sect', 'Normal', 'statement', 'word']",{},0.0005497526113249038,1.2671717284030137,0.0006966309666866485,No,"['JJ', 'NN', 'IN', 'JJ', 'IN']"
65,time as small as possible,0 11 13 0,"['TaggedPDF-doc', 'Sect', 'Normal', 'statement', 'word']",{},0.0005497526113249038,1.2671717284030137,0.0006966309666866485,No,"['NN', 'IN', 'JJ', 'IN', 'JJ']"
66,Meeting both goals at the,0 11 13 1,"['TaggedPDF-doc', 'Sect', 'Normal', 'statement', 'word']",{},0.0005497526113249038,1.2671717284030137,0.0006966309666866485,No,"['VBG', 'DT', 'NNS', 'IN', 'DT']"
67,both goals at the same,0 11 13 1,"['TaggedPDF-doc', 'Sect', 'Normal', 'statement', 'word']",{},0.0005497526113249038,1.2671717284030137,0.0006966309666866485,No,"['DT', 'NNS', 'IN', 'DT', 'JJ']"
68,goals at the same time,0 11 13 1,"['TaggedPDF-doc', 'Sect', 'Normal', 'statement', 'word']",{},0.0005497526113249038,1.2671717284030137,0.0006966309666866485,No,"['NNS', 'IN', 'DT', 'JJ', 'NN']"
69,at the same time was,0 11 13 1,"['TaggedPDF-doc', 'Sect', 'Normal', 'statement', 'word']",{},0.0005497526113249038,1.2671717284030137,0.0006966309666866485,No,"['IN', 'DT', 'JJ', 'NN', 'VBD']"
70,the same time was very,0 11 13 1,"['TaggedPDF-doc', 'Sect', 'Normal', 'statement', 'word']",{},0.0005497526113249038,1.2671717284030137,0.0006966309666866485,No,"['DT', 'JJ', 'NN', 'VBD', 'RB']"
71,same time was very difficult,0 11 13 1,"['TaggedPDF-doc', 'Sect', 'Normal', 'statement', 'word']",{},0.0005497526113249038,1.2671717284030137,0.0006966309666866485,No,"['JJ', 'NN', 'VBD', 'RB', 'JJ']"
72,time was very difficult and,0 11 13 1,"['TaggedPDF-doc', 'Sect', 'Normal', 'statement', 'word']",{},0.0005497526113249038,1.2671717284030137,0.0006966309666866485,No,"['NN', 'VBD', 'RB', 'JJ', 'CC']"
73,was very difficult and tradeoffs,0 11 13 1,"['TaggedPDF-doc', 'Sect', 'Normal', 'statement', 'word']",{},0.0005497526113249038,1.2671717284030137,0.0006966309666866485,No,"['VBD', 'RB', 'JJ', 'CC', 'NNS']"
74,very difficult and tradeoffs were,0 11 13 1,"['TaggedPDF-doc', 'Sect', 'Normal', 'statement', 'word']",{},0.0005497526113249038,1.2671717284030137,0.0006966309666866485,No,"['RB', 'JJ', 'CC', 'NNS', 'VBD']"
75,difficult and tradeoffs were made,0 11 13 1,"['TaggedPDF-doc', 'Sect', 'Normal', 'statement', 'word']",{},0.0005497526113249038,1.2671717284030137,0.0006966309666866485,No,"['NN', 'CC', 'NNS', 'VBD', 'VBN']"
76,In the following sections I,0 11 14 0,"['TaggedPDF-doc', 'Sect', 'Normal', 'statement', 'word']",{},0.0005497526113249038,1.2671717284030137,0.0006966309666866485,No,"['IN', 'DT', 'JJ', 'NNS', 'PRP']"
77,the following sections I will,0 11 14 0,"['TaggedPDF-doc', 'Sect', 'Normal', 'statement', 'word']",{},0.0005497526113249038,1.2671717284030137,0.0006966309666866485,No,"['DT', 'VBG', 'NNS', 'PRP', 'MD']"
78,following sections I will explain,0 11 14 0,"['TaggedPDF-doc', 'Sect', 'Normal', 'statement', 'word']",{},0.0005497526113249038,1.2671717284030137,0.0006966309666866485,No,"['VBG', 'NNS', 'PRP', 'MD', 'VB']"
79,sections I will explain the,0 11 14 0,"['TaggedPDF-doc', 'Sect', 'Normal', 'statement', 'word']",{},0.0005497526113249038,1.2671717284030137,0.0006966309666866485,No,"['NNS', 'PRP', 'MD', 'VB', 'DT']"
80,I will explain the theory,0 11 14 0,"['TaggedPDF-doc', 'Sect', 'Normal', 'statement', 'word']",{},0.0005497526113249038,1.2671717284030137,0.0006966309666866485,No,"['PRP', 'MD', 'VB', 'DT', 'NN']"
81,will explain the theory behind,0 11 14 0,"['TaggedPDF-doc', 'Sect', 'Normal', 'statement', 'word']",{},0.0005497526113249038,1.2671717284030137,0.0006966309666866485,No,"['MD', 'VB', 'DT', 'NN', 'IN']"
82,explain the theory behind the,0 11 14 0,"['TaggedPDF-doc', 'Sect', 'Normal', 'statement', 'word']",{},0.0005497526113249038,1.2671717284030137,0.0006966309666866485,No,"['NN', 'DT', 'NN', 'IN', 'DT']"
83,the theory behind the FPU,0 11 14 0,"['TaggedPDF-doc', 'Sect', 'Normal', 'statement', 'word']",{},0.0005497526113249038,1.2671717284030137,0.0006966309666866485,No,"['DT', 'NN', 'IN', 'DT', 'NNP']"
84,theory behind the FPU core,0 11 14 0,"['TaggedPDF-doc', 'Sect', 'Normal', 'statement', 'word']",{},0.0005497526113249038,1.2671717284030137,0.0006966309666866485,No,"['NN', 'IN', 'DT', 'NNP', 'NN']"
85,behind the FPU core and,0 11 14 0,"['TaggedPDF-doc', 'Sect', 'Normal', 'statement', 'word']",{},0.0005497526113249038,1.2671717284030137,0.0006966309666866485,No,"['IN', 'DT', 'NNP', 'NN', 'CC']"
86,the FPU core and describe,0 11 14 0,"['TaggedPDF-doc', 'Sect', 'Normal', 'statement', 'word']",{},0.0005497526113249038,1.2671717284030137,0.0006966309666866485,No,"['DT', 'NNP', 'NN', 'CC', 'VB']"
87,FPU core and describe its,0 11 14 0,"['TaggedPDF-doc', 'Sect', 'Normal', 'statement', 'word']",{},0.0005497526113249038,1.2671717284030137,0.0006966309666866485,No,"['NNP', 'VBD', 'CC', 'VB', 'PRP$']"
88,core and describe its implementation,0 11 14 0,"['TaggedPDF-doc', 'Sect', 'Normal', 'statement', 'word']",{},0.0005497526113249038,1.2671717284030137,0.0006966309666866485,No,"['NN', 'CC', 'VB', 'PRP$', 'NN']"
89,and describe its implementation on,0 11 14 0,"['TaggedPDF-doc', 'Sect', 'Normal', 'statement', 'word']",{},0.0005497526113249038,1.2671717284030137,0.0006966309666866485,No,"['CC', 'VBP', 'PRP$', 'NN', 'IN']"
90,describe its implementation on hardware,0 11 14 0,"['TaggedPDF-doc', 'Sect', 'Normal', 'statement', 'word']",{},0.0005497526113249038,1.2671717284030137,0.0006966309666866485,No,"['NN', 'PRP$', 'NN', 'IN', 'NN']"
91,The floating-point representation is one,0 11 36 0,"['TaggedPDF-doc', 'Sect', 'Normal', 'statement', 'word']",{},0.0005497526113249038,1.2671717284030137,0.0006966309666866485,No,"['DT', 'JJ', 'NN', 'VBZ', 'CD']"
92,floating-point representation is one way,0 11 36 0,"['TaggedPDF-doc', 'Sect', 'Normal', 'statement', 'word']",{},0.0005497526113249038,1.2671717284030137,0.0006966309666866485,No,"['JJ', 'NN', 'VBZ', 'CD', 'NN']"
93,representation is one way to,0 11 36 0,"['TaggedPDF-doc', 'Sect', 'Normal', 'statement', 'word']",{},0.0005497526113249038,1.2671717284030137,0.0006966309666866485,No,"['NN', 'VBZ', 'CD', 'NN', 'TO']"
94,is one way to represent,0 11 36 0,"['TaggedPDF-doc', 'Sect', 'Normal', 'statement', 'word']",{},0.0005497526113249038,1.2671717284030137,0.0006966309666866485,No,"['VBZ', 'CD', 'NN', 'TO', 'VB']"
95,one way to represent real,0 11 36 0,"['TaggedPDF-doc', 'Sect', 'Normal', 'statement', 'word']",{},0.0005497526113249038,1.2671717284030137,0.0006966309666866485,No,"['CD', 'NN', 'TO', 'VB', 'JJ']"
96,way to represent real numbers,0 11 36 0,"['TaggedPDF-doc', 'Sect', 'Normal', 'statement', 'word']",{},0.0010995052226498076,1.2671717284030137,0.001393261933373297,No,"['NN', 'TO', 'VB', 'JJ', 'NNS']"
97,A floating-point number n is,0 11 36 1,"['TaggedPDF-doc', 'Sect', 'Normal', 'statement', 'word']",{},0.0005497526113249038,1.2671717284030137,0.0006966309666866485,No,"['DT', 'JJ', 'NN', 'NN', 'VBZ']"
98,floating-point number n is represented,0 11 36 1,"['TaggedPDF-doc', 'Sect', 'Normal', 'statement', 'word']",{},0.0005497526113249038,1.2671717284030137,0.0006966309666866485,No,"['JJ', 'NN', 'NN', 'VBZ', 'VBN']"
99,number n is represented with,0 11 36 1,"['TaggedPDF-doc', 'Sect', 'Normal', 'statement', 'word']",{},0.0005497526113249038,1.2671717284030137,0.0006966309666866485,No,"['NN', 'VBD', 'VBZ', 'VBN', 'IN']"
100,n is represented with an,0 11 36 1,"['TaggedPDF-doc', 'Sect', 'Normal', 'statement', 'word']",{},0.0005497526113249038,1.2671717284030137,0.0006966309666866485,No,"['NN', 'VBZ', 'VBN', 'IN', 'DT']"
101,is represented with an exponent,0 11 36 1,"['TaggedPDF-doc', 'Sect', 'Normal', 'statement', 'word']",{},0.0005497526113249038,1.0910804693473326,0.0005998243371892977,No,"['VBZ', 'VBN', 'IN', 'DT', 'NN']"
102,represented with an exponent e,0 11 36 1,"['TaggedPDF-doc', 'Sect', 'Normal', 'statement', 'word']",{},0.0005497526113249038,1.2671717284030137,0.0006966309666866485,No,"['VBD', 'IN', 'DT', 'NN', 'NN']"
103,with an exponent e and,0 11 36 1,"['TaggedPDF-doc', 'Sect', 'Normal', 'statement', 'word']",{},0.0005497526113249038,1.2671717284030137,0.0006966309666866485,No,"['IN', 'DT', 'NN', 'NN', 'CC']"
104,an exponent e and a,0 11 36 1,"['TaggedPDF-doc', 'Sect', 'Normal', 'statement', 'word']",{},0.0005497526113249038,1.2671717284030137,0.0006966309666866485,No,"['DT', 'NN', 'NN', 'CC', 'DT']"
105,exponent e and a mantissa,0 11 36 1,"['TaggedPDF-doc', 'Sect', 'Normal', 'statement', 'word']",{},0.0005497526113249038,1.2671717284030137,0.0006966309666866485,No,"['NN', 'NN', 'CC', 'DT', 'NN']"
106,"e and a mantissa m,",0 11 36 1,"['TaggedPDF-doc', 'Sect', 'Normal', 'statement', 'word']",{},0.0005497526113249038,1.2671717284030137,0.0006966309666866485,No,"['NN', 'CC', 'DT', 'NN', 'NN']"
107,"and a mantissa m, so",0 11 36 1,"['TaggedPDF-doc', 'Sect', 'Normal', 'statement', 'word']",{},0.0005497526113249038,1.2671717284030137,0.0006966309666866485,No,"['CC', 'DT', 'NN', 'NN', ',', 'RB']"
108,"a mantissa m, so that:",0 11 36 1,"['TaggedPDF-doc', 'Sect', 'Normal', 'statement', 'word']",{},0.0005497526113249038,1.2671717284030137,0.0006966309666866485,No,"['DT', 'NN', 'NN', ',', 'RB', 'JJ']"
109,"n = be m, where",0 11 38 0,"['TaggedPDF-doc', 'Sect', 'Normal', 'statement', 'word']",{},0.0005497526113249038,1.2671717284030137,0.0006966309666866485,No,"['NN', '``', 'VB', 'NN', ',', 'WRB']"
110,"= be m, where b",0 11 38 0,"['TaggedPDF-doc', 'Sect', 'Normal', 'statement', 'word']",{},0.0005497526113249038,1.2671717284030137,0.0006966309666866485,No,"['NN', 'VB', 'NN', ',', 'WRB', 'NN']"
111,"be m, where b is",0 11 38 0,"['TaggedPDF-doc', 'Sect', 'Normal', 'statement', 'word']",{},0.0005497526113249038,1.2671717284030137,0.0006966309666866485,No,"['VB', 'VBN', ',', 'WRB', 'NN', 'VBZ']"
112,"m, where b is the",0 11 38 0,"['TaggedPDF-doc', 'Sect', 'Normal', 'statement', 'word']",{},0.0005497526113249038,1.2671717284030137,0.0006966309666866485,No,"['NN', ',', 'WRB', 'NN', 'VBZ', 'DT']"
113,where b is the base,0 11 38 0,"['TaggedPDF-doc', 'Sect', 'Normal', 'statement', 'word']",{},0.0005497526113249038,1.2671717284030137,0.0006966309666866485,No,"['WRB', 'NN', 'VBZ', 'DT', 'NN']"
114,b is the base number,0 11 38 0,"['TaggedPDF-doc', 'Sect', 'Normal', 'statement', 'word']",{},0.0005497526113249038,1.2671717284030137,0.0006966309666866485,No,"['LS', 'VBZ', 'DT', 'NN', 'NN']"
115,is the base number (also,0 11 38 0,"['TaggedPDF-doc', 'Sect', 'Normal', 'statement', 'word']",{},0.0005497526113249038,1.2671717284030137,0.0006966309666866485,No,"['VBZ', 'DT', 'NN', 'NN', ':', 'RB']"
116,the base number (also called,0 11 38 0,"['TaggedPDF-doc', 'Sect', 'Normal', 'statement', 'word']",{},0.0005497526113249038,1.2671717284030137,0.0006966309666866485,No,"['DT', 'NN', 'NN', ':', 'RB', 'VBN']"
117,base number (also called radix),0 11 38 0,"['TaggedPDF-doc', 'Sect', 'Normal', 'statement', 'word']",{},0.0005497526113249038,1.2671717284030137,0.0006966309666866485,No,"['NN', 'NN', ':', 'RB', 'VBN', 'NN', ':']"
118,"So for example, if we",0 11 40 0,"['TaggedPDF-doc', 'Sect', 'Normal', 'statement', 'word']",{},0.0005497526113249038,1.2671717284030137,0.0006966309666866485,No,"['IN', 'IN', 'NN', ',', 'IN', 'PRP']"
119,"for example, if we choose",0 11 40 0,"['TaggedPDF-doc', 'Sect', 'Normal', 'statement', 'word']",{},0.0005497526113249038,1.2671717284030137,0.0006966309666866485,No,"['IN', 'NN', ',', 'IN', 'PRP', 'VBP']"
120,"example, if we choose the",0 11 40 0,"['TaggedPDF-doc', 'Sect', 'Normal', 'statement', 'word']",{},0.0005497526113249038,1.2671717284030137,0.0006966309666866485,No,"['NN', ',', 'IN', 'PRP', 'VBP', 'DT']"
121,if we choose the number,0 11 40 0,"['TaggedPDF-doc', 'Sect', 'Normal', 'statement', 'word']",{},0.0005497526113249038,1.2671717284030137,0.0006966309666866485,No,"['IN', 'PRP', 'VBP', 'DT', 'NN']"
122,we choose the number n=17,0 11 40 0,"['TaggedPDF-doc', 'Sect', 'Normal', 'statement', 'word']",{},0.0005497526113249038,1.2671717284030137,0.0006966309666866485,No,"['PRP', 'VBP', 'DT', 'NN', '-NONE-']"
123,choose the number n=17 and,0 11 40 0,"['TaggedPDF-doc', 'Sect', 'Normal', 'statement', 'word']",{},0.0005497526113249038,1.2671717284030137,0.0006966309666866485,No,"['NN', 'DT', 'NN', '-NONE-', 'CC']"
124,the number n=17 and the,0 11 40 0,"['TaggedPDF-doc', 'Sect', 'Normal', 'statement', 'word']",{},0.0005497526113249038,1.2671717284030137,0.0006966309666866485,No,"['DT', 'NN', '-NONE-', 'CC', 'DT']"
125,number n=17 and the base,0 11 40 0,"['TaggedPDF-doc', 'Sect', 'Normal', 'statement', 'word']",{},0.0005497526113249038,1.2671717284030137,0.0006966309666866485,No,"['NN', '-NONE-', 'CC', 'DT', 'NN']"
126,"n=17 and the base b=10,",0 11 40 0,"['TaggedPDF-doc', 'Sect', 'Normal', 'statement', 'word']",{},0.0005497526113249038,1.2671717284030137,0.0006966309666866485,No,"['NN', 'CC', 'DT', 'NN', 'NN']"
127,"and the base b=10, the",0 11 40 0,"['TaggedPDF-doc', 'Sect', 'Normal', 'statement', 'word']",{},0.0005497526113249038,1.2671717284030137,0.0006966309666866485,No,"['CC', 'DT', 'NN', '-NONE-', ',', 'DT']"
128,"the base b=10, the floating-point",0 11 40 0,"['TaggedPDF-doc', 'Sect', 'Normal', 'statement', 'word']",{},0.0005497526113249038,1.2671717284030137,0.0006966309666866485,No,"['DT', 'NN', '-NONE-', ',', 'DT', 'JJ']"
129,"base b=10, the floating-point representation",0 11 40 0,"['TaggedPDF-doc', 'Sect', 'Normal', 'statement', 'word']",{},0.0005497526113249038,1.2671717284030137,0.0006966309666866485,No,"['NN', '-NONE-', ',', 'DT', 'JJ', 'NN']"
130,"b=10, the floating-point representation of",0 11 40 0,"['TaggedPDF-doc', 'Sect', 'Normal', 'statement', 'word']",{},0.0005497526113249038,1.2671717284030137,0.0006966309666866485,No,"['-NONE-', ',', 'DT', 'JJ', 'NN', 'IN']"
131,the floating-point representation of 17,0 11 40 0,"['TaggedPDF-doc', 'Sect', 'Normal', 'statement', 'word']",{},0.0005497526113249038,1.2671717284030137,0.0006966309666866485,No,"['DT', 'JJ', 'NN', 'IN', 'CD']"
132,floating-point representation of 17 would,0 11 40 0,"['TaggedPDF-doc', 'Sect', 'Normal', 'statement', 'word']",{},0.0005497526113249038,1.2671717284030137,0.0006966309666866485,No,"['JJ', 'NN', 'IN', 'CD', 'MD']"
133,representation of 17 would be:,0 11 40 0,"['TaggedPDF-doc', 'Sect', 'Normal', 'statement', 'word']",{},0.0005497526113249038,1.2671717284030137,0.0006966309666866485,No,"['NN', 'IN', 'CD', 'MD', 'VB']"
134,17 = 101 x 1.7,0 11 42 0,"['TaggedPDF-doc', 'Sect', 'Normal', 'statement', 'word']",{},0.0005497526113249038,1.2671717284030137,0.0006966309666866485,No,"['CD', '``', 'CD', 'NN', 'CD']"
135,Another way to represent real,0 11 44 0,"['TaggedPDF-doc', 'Sect', 'Normal', 'statement', 'word']",{},0.0005497526113249038,1.2671717284030137,0.0006966309666866485,No,"['DT', 'NN', 'TO', 'VB', 'JJ']"
136,way to represent real numbers,0 11 44 0,"['TaggedPDF-doc', 'Sect', 'Normal', 'statement', 'word']",{},0.0010995052226498076,1.2671717284030137,0.001393261933373297,No,"['NN', 'TO', 'VB', 'JJ', 'NNS']"
137,to represent real numbers is,0 11 44 0,"['TaggedPDF-doc', 'Sect', 'Normal', 'statement', 'word']",{},0.0005497526113249038,1.2671717284030137,0.0006966309666866485,No,"['TO', 'VB', 'JJ', 'NNS', 'VBZ']"
138,represent real numbers is to,0 11 44 0,"['TaggedPDF-doc', 'Sect', 'Normal', 'statement', 'word']",{},0.0005497526113249038,1.2671717284030137,0.0006966309666866485,No,"['NN', 'JJ', 'NNS', 'VBZ', 'TO']"
139,real numbers is to use,0 11 44 0,"['TaggedPDF-doc', 'Sect', 'Normal', 'statement', 'word']",{},0.0005497526113249038,1.2671717284030137,0.0006966309666866485,No,"['JJ', 'NNS', 'VBZ', 'TO', 'VB']"
140,numbers is to use fixed-point,0 11 44 0,"['TaggedPDF-doc', 'Sect', 'Normal', 'statement', 'word']",{},0.0005497526113249038,1.2671717284030137,0.0006966309666866485,No,"['NNS', 'VBZ', 'TO', 'VB', 'JJ']"
141,is to use fixed-point number,0 11 44 0,"['TaggedPDF-doc', 'Sect', 'Normal', 'statement', 'word']",{},0.0005497526113249038,1.2671717284030137,0.0006966309666866485,No,"['VBZ', 'TO', 'VB', 'JJ', 'NN']"
142,to use fixed-point number representation,0 11 44 0,"['TaggedPDF-doc', 'Sect', 'Normal', 'statement', 'word']",{},0.0005497526113249038,1.2671717284030137,0.0006966309666866485,No,"['TO', 'VB', 'JJ', 'NN', 'NN']"
143,A fixed-point number with 4,0 11 44 1,"['TaggedPDF-doc', 'Sect', 'Normal', 'statement', 'word']",{},0.0005497526113249038,1.2671717284030137,0.0006966309666866485,No,"['DT', 'JJ', 'NN', 'IN', 'CD']"
144,fixed-point number with 4 digits,0 11 44 1,"['TaggedPDF-doc', 'Sect', 'Normal', 'statement', 'word']",{},0.0005497526113249038,1.2671717284030137,0.0006966309666866485,No,"['JJ', 'NN', 'IN', 'CD', 'NNS']"
145,number with 4 digits after,0 11 44 1,"['TaggedPDF-doc', 'Sect', 'Normal', 'statement', 'word']",{},0.0005497526113249038,1.2671717284030137,0.0006966309666866485,No,"['NN', 'IN', 'CD', 'NNS', 'IN']"
146,with 4 digits after the,0 11 44 1,"['TaggedPDF-doc', 'Sect', 'Normal', 'statement', 'word']",{},0.0005497526113249038,1.2671717284030137,0.0006966309666866485,No,"['IN', 'CD', 'NNS', 'IN', 'DT']"
147,4 digits after the decimal,0 11 44 1,"['TaggedPDF-doc', 'Sect', 'Normal', 'statement', 'word']",{},0.0005497526113249038,1.2671717284030137,0.0006966309666866485,No,"['LS', 'NNS', 'IN', 'DT', 'JJ']"
148,digits after the decimal point,0 11 44 1,"['TaggedPDF-doc', 'Sect', 'Normal', 'statement', 'word']",{},0.0005497526113249038,1.2671717284030137,0.0006966309666866485,No,"['NNS', 'IN', 'DT', 'JJ', 'NN']"
149,after the decimal point could,0 11 44 1,"['TaggedPDF-doc', 'Sect', 'Normal', 'statement', 'word']",{},0.0005497526113249038,1.2671717284030137,0.0006966309666866485,No,"['IN', 'DT', 'JJ', 'NN', 'MD']"
150,the decimal point could be,0 11 44 1,"['TaggedPDF-doc', 'Sect', 'Normal', 'statement', 'word']",{},0.0005497526113249038,1.2671717284030137,0.0006966309666866485,No,"['DT', 'JJ', 'NN', 'MD', 'VB']"
151,decimal point could be used,0 11 44 1,"['TaggedPDF-doc', 'Sect', 'Normal', 'statement', 'word']",{},0.0005497526113249038,1.2671717284030137,0.0006966309666866485,No,"['JJ', 'NN', 'MD', 'VB', 'VBN']"
152,point could be used to,0 11 44 1,"['TaggedPDF-doc', 'Sect', 'Normal', 'statement', 'word']",{},0.0005497526113249038,1.2671717284030137,0.0006966309666866485,No,"['NN', 'MD', 'VB', 'VBN', 'TO']"
153,could be used to represent,0 11 44 1,"['TaggedPDF-doc', 'Sect', 'Normal', 'statement', 'word']",{},0.0005497526113249038,1.2671717284030137,0.0006966309666866485,No,"['MD', 'VB', 'VBN', 'TO', 'VB']"
154,be used to represent numbers,0 11 44 1,"['TaggedPDF-doc', 'Sect', 'Normal', 'statement', 'word']",{},0.0005497526113249038,1.2671717284030137,0.0006966309666866485,No,"['VB', 'VBN', 'TO', 'VB', 'NNS']"
155,used to represent numbers such,0 11 44 1,"['TaggedPDF-doc', 'Sect', 'Normal', 'statement', 'word']",{},0.0005497526113249038,1.2671717284030137,0.0006966309666866485,No,"['VBD', 'TO', 'VB', 'NNS', 'JJ']"
156,to represent numbers such as:,0 11 44 1,"['TaggedPDF-doc', 'Sect', 'Normal', 'statement', 'word']",{},0.0005497526113249038,1.2671717284030137,0.0006966309666866485,No,"['TO', 'VB', 'NNS', 'JJ', 'JJ']"
157,"represent numbers such as: 1.0001,",0 11 44 1,"['TaggedPDF-doc', 'Sect', 'Normal', 'statement', 'word']",{},0.0005497526113249038,1.2671717284030137,0.0006966309666866485,No,"['NN', 'NNS', 'JJ', 'IN', ':', 'CD']"
158,"numbers such as: 1.0001, 12.1019,",0 11 44 1,"['TaggedPDF-doc', 'Sect', 'Normal', 'statement', 'word']",{},0.0005497526113249038,1.2671717284030137,0.0006966309666866485,No,"['NNS', 'JJ', 'IN', ':', 'CD', ',', 'CD']"
159,"such as: 1.0001, 12.1019, 34.0000,",0 11 44 1,"['TaggedPDF-doc', 'Sect', 'Normal', 'statement', 'word']",{},0.0005497526113249038,1.2671717284030137,0.0006966309666866485,No,"['JJ', 'IN', ':', 'CD', ',', 'CD', ',', 'CD']"
160,"as: 1.0001, 12.1019, 34.0000, etc",0 11 44 1,"['TaggedPDF-doc', 'Sect', 'Normal', 'statement', 'word']",{},0.0005497526113249038,1.2671717284030137,0.0006966309666866485,No,"['IN', ':', 'CD', ',', 'CD', ',', 'CD', ',', 'NN']"
161,Both representations are used depending,0 11 44 2,"['TaggedPDF-doc', 'Sect', 'Normal', 'statement', 'word']",{},0.0005497526113249038,1.2671717284030137,0.0006966309666866485,No,"['DT', 'NNS', 'VBP', 'VBN', 'VBG']"
162,representations are used depending on,0 11 44 2,"['TaggedPDF-doc', 'Sect', 'Normal', 'statement', 'word']",{},0.0005497526113249038,1.2671717284030137,0.0006966309666866485,No,"['NNS', 'VBP', 'VBN', 'VBG', 'IN']"
163,are used depending on the,0 11 44 2,"['TaggedPDF-doc', 'Sect', 'Normal', 'statement', 'word']",{},0.0005497526113249038,1.2671717284030137,0.0006966309666866485,No,"['VBP', 'VBN', 'VBG', 'IN', 'DT']"
164,used depending on the situation,0 11 44 2,"['TaggedPDF-doc', 'Sect', 'Normal', 'statement', 'word']",{},0.0005497526113249038,1.2671717284030137,0.0006966309666866485,No,"['VBD', 'VBG', 'IN', 'DT', 'NN']"
165,"For the implementation on hardware,",0 11 44 3,"['TaggedPDF-doc', 'Sect', 'Normal', 'statement', 'word']",{},0.0005497526113249038,1.2671717284030137,0.0006966309666866485,No,"['IN', 'DT', 'NN', 'IN', 'NNP']"
166,"the implementation on hardware, the",0 11 44 3,"['TaggedPDF-doc', 'Sect', 'Normal', 'statement', 'word']",{},0.0005497526113249038,1.2671717284030137,0.0006966309666866485,No,"['DT', 'NN', 'IN', 'NN', ',', 'DT']"
167,"implementation on hardware, the base-2",0 11 44 3,"['TaggedPDF-doc', 'Sect', 'Normal', 'statement', 'word']",{},0.0005497526113249038,1.2671717284030137,0.0006966309666866485,No,"['NN', 'IN', 'NN', ',', 'DT', '-NONE-']"
168,"on hardware, the base-2 exponents",0 11 44 3,"['TaggedPDF-doc', 'Sect', 'Normal', 'statement', 'word']",{},0.0005497526113249038,1.2671717284030137,0.0006966309666866485,No,"['IN', 'NN', ',', 'DT', '-NONE-', 'VBZ']"
169,"hardware, the base-2 exponents are",0 11 44 3,"['TaggedPDF-doc', 'Sect', 'Normal', 'statement', 'word']",{},0.0005497526113249038,1.2671717284030137,0.0006966309666866485,No,"['NN', ',', 'DT', '-NONE-', 'VBZ', 'VBP']"
170,"the base-2 exponents are used,",0 11 44 3,"['TaggedPDF-doc', 'Sect', 'Normal', 'statement', 'word']",{},0.0005497526113249038,1.2671717284030137,0.0006966309666866485,No,"['DT', '-NONE-', 'VBZ', 'VBP', 'JJ']"
171,"base-2 exponents are used, since",0 11 44 3,"['TaggedPDF-doc', 'Sect', 'Normal', 'statement', 'word']",{},0.0005497526113249038,1.2671717284030137,0.0006966309666866485,No,"['-NONE-', 'NNS', 'VBP', 'VBN', ',', 'IN']"
172,"exponents are used, since digital",0 11 44 3,"['TaggedPDF-doc', 'Sect', 'Normal', 'statement', 'word']",{},0.0005497526113249038,1.2671717284030137,0.0006966309666866485,No,"['NNS', 'VBP', 'VBN', ',', 'IN', 'JJ']"
173,"are used, since digital systems",0 11 44 3,"['TaggedPDF-doc', 'Sect', 'Normal', 'statement', 'word']",{},0.0005497526113249038,1.2671717284030137,0.0006966309666866485,No,"['VBP', 'VBN', ',', 'IN', 'JJ', 'NNS']"
174,"used, since digital systems work",0 11 44 3,"['TaggedPDF-doc', 'Sect', 'Normal', 'statement', 'word']",{},0.0005497526113249038,1.2671717284030137,0.0006966309666866485,No,"['VBD', ',', 'IN', 'JJ', 'NNS', 'NN']"
175,since digital systems work with,0 11 44 3,"['TaggedPDF-doc', 'Sect', 'Normal', 'statement', 'word']",{},0.0005497526113249038,1.2671717284030137,0.0006966309666866485,No,"['IN', 'JJ', 'NNS', 'NN', 'IN']"
176,digital systems work with binary,0 11 44 3,"['TaggedPDF-doc', 'Sect', 'Normal', 'statement', 'word']",{},0.0005497526113249038,1.2671717284030137,0.0006966309666866485,No,"['JJ', 'NNS', 'NN', 'IN', 'JJ']"
177,systems work with binary numbers,0 11 44 3,"['TaggedPDF-doc', 'Sect', 'Normal', 'statement', 'word']",{},0.0005497526113249038,1.2671717284030137,0.0006966309666866485,No,"['NNS', 'VBP', 'IN', 'JJ', 'NNS']"
178,Using base-2 arithmetic brings problems,0 11 45 0,"['TaggedPDF-doc', 'Sect', 'Normal', 'statement', 'word']",{},0.0005497526113249038,1.2671717284030137,0.0006966309666866485,No,"['VBG', '-NONE-', 'JJ', 'NNS', 'NNS']"
179,base-2 arithmetic brings problems with,0 11 45 0,"['TaggedPDF-doc', 'Sect', 'Normal', 'statement', 'word']",{},0.0005497526113249038,1.2671717284030137,0.0006966309666866485,No,"['-NONE-', 'JJ', 'NNS', 'NNS', 'IN']"
180,"arithmetic brings problems with it,",0 11 45 0,"['TaggedPDF-doc', 'Sect', 'Normal', 'statement', 'word']",{},0.0005497526113249038,1.2671717284030137,0.0006966309666866485,No,"['JJ', 'NNS', 'NNS', 'IN', 'JJ']"
181,"brings problems with it, so",0 11 45 0,"['TaggedPDF-doc', 'Sect', 'Normal', 'statement', 'word']",{},0.0005497526113249038,1.2671717284030137,0.0006966309666866485,No,"['NNS', 'NNS', 'IN', 'PRP', ',', 'RB']"
182,"problems with it, so for",0 11 45 0,"['TaggedPDF-doc', 'Sect', 'Normal', 'statement', 'word']",{},0.0005497526113249038,1.2671717284030137,0.0006966309666866485,No,"['NNS', 'IN', 'PRP', ',', 'RB', 'IN']"
183,"with it, so for example",0 11 45 0,"['TaggedPDF-doc', 'Sect', 'Normal', 'statement', 'word']",{},0.0005497526113249038,1.2671717284030137,0.0006966309666866485,No,"['IN', 'PRP', ',', 'RB', 'IN', 'NN']"
184,"it, so for example fractional",0 11 45 0,"['TaggedPDF-doc', 'Sect', 'Normal', 'statement', 'word']",{},0.0005497526113249038,1.2671717284030137,0.0006966309666866485,No,"['PRP', ',', 'RB', 'IN', 'NN', 'JJ']"
185,so for example fractional powers,0 11 45 0,"['TaggedPDF-doc', 'Sect', 'Normal', 'statement', 'word']",{},0.0005497526113249038,1.2671717284030137,0.0006966309666866485,No,"['IN', 'IN', 'NN', 'JJ', 'NNS']"
186,for example fractional powers of,0 11 45 0,"['TaggedPDF-doc', 'Sect', 'Normal', 'statement', 'word']",{},0.0005497526113249038,1.2671717284030137,0.0006966309666866485,No,"['IN', 'NN', 'JJ', 'NNS', 'IN']"
187,example fractional powers of 10,0 11 45 0,"['TaggedPDF-doc', 'Sect', 'Normal', 'statement', 'word']",{},0.0005497526113249038,1.2671717284030137,0.0006966309666866485,No,"['NN', 'JJ', 'NNS', 'IN', 'CD']"
188,fractional powers of 10 like,0 11 45 0,"['TaggedPDF-doc', 'Sect', 'Normal', 'statement', 'word']",{},0.0005497526113249038,1.2671717284030137,0.0006966309666866485,No,"['JJ', 'NNS', 'IN', 'CD', 'IN']"
189,powers of 10 like 0.1,0 11 45 0,"['TaggedPDF-doc', 'Sect', 'Normal', 'statement', 'word']",{},0.0005497526113249038,1.2671717284030137,0.0006966309666866485,No,"['NNS', 'IN', 'CD', 'IN', 'CD']"
190,of 10 like 0.1 or,0 11 45 0,"['TaggedPDF-doc', 'Sect', 'Normal', 'statement', 'word']",{},0.0005497526113249038,1.2671717284030137,0.0006966309666866485,No,"['IN', 'CD', 'IN', 'CD', 'CC']"
191,10 like 0.1 or 0.01,0 11 45 0,"['TaggedPDF-doc', 'Sect', 'Normal', 'statement', 'word']",{},0.0005497526113249038,1.2671717284030137,0.0006966309666866485,No,"['CD', 'IN', 'CD', 'CC', 'CD']"
192,like 0.1 or 0.01 cannot,0 11 45 0,"['TaggedPDF-doc', 'Sect', 'Normal', 'statement', 'word']",{},0.0005497526113249038,1.2671717284030137,0.0006966309666866485,No,"['IN', 'CD', 'CC', 'CD', 'MD', 'RB']"
193,0.1 or 0.01 cannot exactly,0 11 45 0,"['TaggedPDF-doc', 'Sect', 'Normal', 'statement', 'word']",{},0.0005497526113249038,1.2671717284030137,0.0006966309666866485,No,"['CD', 'CC', 'CD', 'MD', 'RB', 'RB']"
194,or 0.01 cannot exactly be,0 11 45 0,"['TaggedPDF-doc', 'Sect', 'Normal', 'statement', 'word']",{},0.0005497526113249038,1.2671717284030137,0.0006966309666866485,No,"['CC', 'CD', 'MD', 'RB', 'RB', 'VB']"
195,0.01 cannot exactly be represented,0 11 45 0,"['TaggedPDF-doc', 'Sect', 'Normal', 'statement', 'word']",{},0.0005497526113249038,1.2671717284030137,0.0006966309666866485,No,"['CD', 'MD', 'RB', 'RB', 'VB', 'VBN']"
196,cannot exactly be represented with,0 11 45 0,"['TaggedPDF-doc', 'Sect', 'Normal', 'statement', 'word']",{},0.0005497526113249038,1.2671717284030137,0.0006966309666866485,No,"['MD', 'RB', 'RB', 'VB', 'VBN', 'IN']"
197,exactly be represented with the,0 11 45 0,"['TaggedPDF-doc', 'Sect', 'Normal', 'statement', 'word']",{},0.0005497526113249038,1.2671717284030137,0.0006966309666866485,No,"['RB', 'VB', 'VBN', 'IN', 'DT']"
198,be represented with the floating-point,0 11 45 0,"['TaggedPDF-doc', 'Sect', 'Normal', 'statement', 'word']",{},0.0005497526113249038,1.2671717284030137,0.0006966309666866485,No,"['VB', 'VBN', 'IN', 'DT', 'JJ']"
199,"represented with the floating-point format,",0 11 45 0,"['TaggedPDF-doc', 'Sect', 'Normal', 'statement', 'word']",{},0.0005497526113249038,1.2671717284030137,0.0006966309666866485,No,"['VBD', 'IN', 'DT', 'JJ', 'NN']"
200,"with the floating-point format, while",0 11 45 0,"['TaggedPDF-doc', 'Sect', 'Normal', 'statement', 'word']",{},0.0005497526113249038,1.2671717284030137,0.0006966309666866485,No,"['IN', 'DT', 'JJ', 'NN', ',', 'IN']"
201,"the floating-point format, while with",0 11 45 0,"['TaggedPDF-doc', 'Sect', 'Normal', 'statement', 'word']",{},0.0005497526113249038,1.2671717284030137,0.0006966309666866485,No,"['DT', 'JJ', 'NN', ',', 'IN', 'IN']"
202,"floating-point format, while with fixed-point",0 11 45 0,"['TaggedPDF-doc', 'Sect', 'Normal', 'statement', 'word']",{},0.0005497526113249038,1.2671717284030137,0.0006966309666866485,No,"['JJ', 'NN', ',', 'IN', 'IN', 'JJ']"
203,"format, while with fixed-point format,",0 11 45 0,"['TaggedPDF-doc', 'Sect', 'Normal', 'statement', 'word']",{},0.0005497526113249038,1.2671717284030137,0.0006966309666866485,No,"['NN', ',', 'IN', 'IN', 'JJ', 'NN']"
204,"while with fixed-point format, the",0 11 45 0,"['TaggedPDF-doc', 'Sect', 'Normal', 'statement', 'word']",{},0.0005497526113249038,1.2671717284030137,0.0006966309666866485,No,"['IN', 'IN', 'JJ', 'NN', ',', 'DT']"
205,"with fixed-point format, the decimal",0 11 45 0,"['TaggedPDF-doc', 'Sect', 'Normal', 'statement', 'word']",{},0.0005497526113249038,1.2671717284030137,0.0006966309666866485,No,"['IN', 'JJ', 'NN', ',', 'DT', 'JJ']"
206,"fixed-point format, the decimal point",0 11 45 0,"['TaggedPDF-doc', 'Sect', 'Normal', 'statement', 'word']",{},0.0005497526113249038,1.2671717284030137,0.0006966309666866485,No,"['JJ', 'NN', ',', 'DT', 'JJ', 'NN']"
207,"format, the decimal point can",0 11 45 0,"['TaggedPDF-doc', 'Sect', 'Normal', 'statement', 'word']",{},0.0005497526113249038,1.2671717284030137,0.0006966309666866485,No,"['NN', ',', 'DT', 'JJ', 'NN', 'MD']"
208,the decimal point can be,0 11 45 0,"['TaggedPDF-doc', 'Sect', 'Normal', 'statement', 'word']",{},0.0005497526113249038,1.2671717284030137,0.0006966309666866485,No,"['DT', 'JJ', 'NN', 'MD', 'VB']"
209,decimal point can be thought,0 11 45 0,"['TaggedPDF-doc', 'Sect', 'Normal', 'statement', 'word']",{},0.0005497526113249038,1.2671717284030137,0.0006966309666866485,No,"['JJ', 'NN', 'MD', 'VB', 'VBN']"
210,point can be thought away,0 11 45 0,"['TaggedPDF-doc', 'Sect', 'Normal', 'statement', 'word']",{},0.0005497526113249038,1.2671717284030137,0.0006966309666866485,No,"['NN', 'MD', 'VB', 'VBN', 'RB']"
211,can be thought away (provided,0 11 45 0,"['TaggedPDF-doc', 'Sect', 'Normal', 'statement', 'word']",{},0.0005497526113249038,1.2671717284030137,0.0006966309666866485,No,"['MD', 'VB', 'VBN', 'RB', ':', 'VBN']"
212,be thought away (provided the,0 11 45 0,"['TaggedPDF-doc', 'Sect', 'Normal', 'statement', 'word']",{},0.0005497526113249038,1.2671717284030137,0.0006966309666866485,No,"['VB', 'VBN', 'RB', ':', 'VBN', 'DT']"
213,thought away (provided the value,0 11 45 0,"['TaggedPDF-doc', 'Sect', 'Normal', 'statement', 'word']",{},0.0005497526113249038,1.2671717284030137,0.0006966309666866485,No,"['VBD', 'RB', '.', 'VBN', 'DT', 'NN']"
214,away (provided the value is,0 11 45 0,"['TaggedPDF-doc', 'Sect', 'Normal', 'statement', 'word']",{},0.0005497526113249038,1.2671717284030137,0.0006966309666866485,No,"['RB', 'VBP', 'VBN', 'DT', 'NN', 'VBZ']"
215,(provided the value is within,0 11 45 0,"['TaggedPDF-doc', 'Sect', 'Normal', 'statement', 'word']",{},0.0005497526113249038,1.2671717284030137,0.0006966309666866485,No,"['NN', 'VBD', 'DT', 'NN', 'VBZ', 'IN']"
216,the value is within the,0 11 45 0,"['TaggedPDF-doc', 'Sect', 'Normal', 'statement', 'word']",{},0.0005497526113249038,1.2671717284030137,0.0006966309666866485,No,"['DT', 'NN', 'VBZ', 'IN', 'DT']"
217,value is within the range),0 11 45 0,"['TaggedPDF-doc', 'Sect', 'Normal', 'statement', 'word']",{},0.0005497526113249038,1.2671717284030137,0.0006966309666866485,No,"['NN', 'VBZ', 'IN', 'DT', 'NN', ':']"
218,is within the range) giving,0 11 45 0,"['TaggedPDF-doc', 'Sect', 'Normal', 'statement', 'word']",{},0.0005497526113249038,1.2671717284030137,0.0006966309666866485,No,"['VBZ', 'IN', 'DT', 'NN', ':', 'VBG']"
219,within the range) giving an,0 11 45 0,"['TaggedPDF-doc', 'Sect', 'Normal', 'statement', 'word']",{},0.0005497526113249038,1.2671717284030137,0.0006966309666866485,No,"['IN', 'DT', 'NN', ':', 'VBG', 'DT']"
220,the range) giving an exact,0 11 45 0,"['TaggedPDF-doc', 'Sect', 'Normal', 'statement', 'word']",{},0.0005497526113249038,1.2671717284030137,0.0006966309666866485,No,"['DT', 'NN', ':', 'VBG', 'DT', 'JJ']"
221,range) giving an exact representation,0 11 45 0,"['TaggedPDF-doc', 'Sect', 'Normal', 'statement', 'word']",{},0.0005497526113249038,1.2671717284030137,0.0006966309666866485,No,"['NN', '``', 'VBG', 'DT', 'JJ', 'NN']"
222,"Fixed-point arithmetic, which is faster",0 11 45 1,"['TaggedPDF-doc', 'Sect', 'Normal', 'statement', 'word']",{},0.0005497526113249038,1.2671717284030137,0.0006966309666866485,No,"['JJ', 'JJ', ',', 'WDT', 'VBZ', 'JJR']"
223,"arithmetic, which is faster than",0 11 45 1,"['TaggedPDF-doc', 'Sect', 'Normal', 'statement', 'word']",{},0.0005497526113249038,1.2671717284030137,0.0006966309666866485,No,"['JJ', ',', 'WDT', 'VBZ', 'JJR', 'IN']"
224,which is faster than floating-point,0 11 45 1,"['TaggedPDF-doc', 'Sect', 'Normal', 'statement', 'word']",{},0.0005497526113249038,1.2671717284030137,0.0006966309666866485,No,"['WDT', 'VBZ', 'JJR', 'IN', 'JJ']"
225,"is faster than floating-point arithmetic,",0 11 45 1,"['TaggedPDF-doc', 'Sect', 'Normal', 'statement', 'word']",{},0.0005497526113249038,1.2671717284030137,0.0006966309666866485,No,"['VBZ', 'JJR', 'IN', 'JJ', 'NN']"
226,"faster than floating-point arithmetic, can",0 11 45 1,"['TaggedPDF-doc', 'Sect', 'Normal', 'statement', 'word']",{},0.0005497526113249038,1.2671717284030137,0.0006966309666866485,No,"['JJR', 'IN', 'JJ', 'JJ', ',', 'MD']"
227,"than floating-point arithmetic, can then",0 11 45 1,"['TaggedPDF-doc', 'Sect', 'Normal', 'statement', 'word']",{},0.0005497526113249038,1.2671717284030137,0.0006966309666866485,No,"['IN', 'JJ', 'JJ', ',', 'MD', 'RB']"
228,"floating-point arithmetic, can then be",0 11 45 1,"['TaggedPDF-doc', 'Sect', 'Normal', 'statement', 'word']",{},0.0005497526113249038,1.2671717284030137,0.0006966309666866485,No,"['JJ', 'JJ', ',', 'MD', 'RB', 'VB']"
229,"arithmetic, can then be used",0 11 45 1,"['TaggedPDF-doc', 'Sect', 'Normal', 'statement', 'word']",{},0.0005497526113249038,1.2671717284030137,0.0006966309666866485,No,"['JJ', ',', 'MD', 'RB', 'VB', 'VBN']"
230,This is one of the,0 11 45 2,"['TaggedPDF-doc', 'Sect', 'Normal', 'statement', 'word']",{},0.0005497526113249038,1.2671717284030137,0.0006966309666866485,No,"['DT', 'VBZ', 'CD', 'IN', 'DT']"
231,is one of the reasons,0 11 45 2,"['TaggedPDF-doc', 'Sect', 'Normal', 'statement', 'word']",{},0.0010995052226498076,1.2671717284030137,0.001393261933373297,No,"['VBZ', 'CD', 'IN', 'DT', 'NNS']"
232,one of the reasons why,0 11 45 2,"['TaggedPDF-doc', 'Sect', 'Normal', 'statement', 'word']",{},0.0010995052226498076,1.2671717284030137,0.001393261933373297,No,"['CD', 'IN', 'DT', 'NNS', 'WRB']"
233,of the reasons why fixed-point,0 11 45 2,"['TaggedPDF-doc', 'Sect', 'Normal', 'statement', 'word']",{},0.0005497526113249038,1.2671717284030137,0.0006966309666866485,No,"['IN', 'DT', 'NNS', 'WRB', 'JJ']"
234,the reasons why fixed-point representations,0 11 45 2,"['TaggedPDF-doc', 'Sect', 'Normal', 'statement', 'word']",{},0.0005497526113249038,1.2671717284030137,0.0006966309666866485,No,"['DT', 'NNS', 'WRB', 'JJ', 'NNS']"
235,reasons why fixed-point representations are,0 11 45 2,"['TaggedPDF-doc', 'Sect', 'Normal', 'statement', 'word']",{},0.0005497526113249038,1.2671717284030137,0.0006966309666866485,No,"['NNS', 'WRB', 'JJ', 'NNS', 'VBP']"
236,why fixed-point representations are used,0 11 45 2,"['TaggedPDF-doc', 'Sect', 'Normal', 'statement', 'word']",{},0.0005497526113249038,1.2671717284030137,0.0006966309666866485,No,"['WRB', 'JJ', 'NNS', 'VBP', 'VBN']"
237,fixed-point representations are used for,0 11 45 2,"['TaggedPDF-doc', 'Sect', 'Normal', 'statement', 'word']",{},0.0005497526113249038,1.2671717284030137,0.0006966309666866485,No,"['JJ', 'NNS', 'VBP', 'VBN', 'IN']"
238,representations are used for financial,0 11 45 2,"['TaggedPDF-doc', 'Sect', 'Normal', 'statement', 'word']",{},0.0005497526113249038,1.2671717284030137,0.0006966309666866485,No,"['NNS', 'VBP', 'VBN', 'IN', 'JJ']"
239,are used for financial and,0 11 45 2,"['TaggedPDF-doc', 'Sect', 'Normal', 'statement', 'word']",{},0.0005497526113249038,1.2671717284030137,0.0006966309666866485,No,"['VBP', 'VBN', 'IN', 'JJ', 'CC']"
240,used for financial and commercial,0 11 45 2,"['TaggedPDF-doc', 'Sect', 'Normal', 'statement', 'word']",{},0.0005497526113249038,1.2671717284030137,0.0006966309666866485,No,"['VBD', 'IN', 'JJ', 'CC', 'JJ']"
241,for financial and commercial applications,0 11 45 2,"['TaggedPDF-doc', 'Sect', 'Normal', 'statement', 'word']",{},0.0005497526113249038,1.2671717284030137,0.0006966309666866485,No,"['IN', 'JJ', 'CC', 'JJ', 'NNS']"
242,The floating-point format can represent,0 11 46 0,"['TaggedPDF-doc', 'Sect', 'Normal', 'statement', 'word']",{},0.0005497526113249038,1.2671717284030137,0.0006966309666866485,No,"['DT', 'JJ', 'NN', 'MD', 'VB']"
243,floating-point format can represent a,0 11 46 0,"['TaggedPDF-doc', 'Sect', 'Normal', 'statement', 'word']",{},0.0005497526113249038,1.2671717284030137,0.0006966309666866485,No,"['JJ', 'NN', 'MD', 'VB', 'DT']"
244,format can represent a wide,0 11 46 0,"['TaggedPDF-doc', 'Sect', 'Normal', 'statement', 'word']",{},0.0005497526113249038,1.2671717284030137,0.0006966309666866485,No,"['NN', 'MD', 'VB', 'DT', 'JJ']"
245,can represent a wide range,0 11 46 0,"['TaggedPDF-doc', 'Sect', 'Normal', 'statement', 'word']",{},0.0005497526113249038,1.2671717284030137,0.0006966309666866485,No,"['MD', 'VB', 'DT', 'JJ', 'NN']"
246,represent a wide range of,0 11 46 0,"['TaggedPDF-doc', 'Sect', 'Normal', 'statement', 'word']",{},0.0005497526113249038,1.2671717284030137,0.0006966309666866485,No,"['NN', 'DT', 'JJ', 'NN', 'IN']"
247,a wide range of scale,0 11 46 0,"['TaggedPDF-doc', 'Sect', 'Normal', 'statement', 'word']",{},0.0005497526113249038,1.2671717284030137,0.0006966309666866485,No,"['DT', 'JJ', 'NN', 'IN', 'NN']"
248,wide range of scale without,0 11 46 0,"['TaggedPDF-doc', 'Sect', 'Normal', 'statement', 'word']",{},0.0005497526113249038,1.2671717284030137,0.0006966309666866485,No,"['JJ', 'NN', 'IN', 'NN', 'IN']"
249,range of scale without losing,0 11 46 0,"['TaggedPDF-doc', 'Sect', 'Normal', 'statement', 'word']",{},0.0005497526113249038,1.2671717284030137,0.0006966309666866485,No,"['NN', 'IN', 'NN', 'IN', 'VBG']"
250,"of scale without losing precision,",0 11 46 0,"['TaggedPDF-doc', 'Sect', 'Normal', 'statement', 'word']",{},0.0005497526113249038,1.2671717284030137,0.0006966309666866485,No,"['IN', 'NN', 'IN', 'VBG', 'NN']"
251,"scale without losing precision, while",0 11 46 0,"['TaggedPDF-doc', 'Sect', 'Normal', 'statement', 'word']",{},0.0005497526113249038,1.2671717284030137,0.0006966309666866485,No,"['NN', 'IN', 'VBG', 'NN', ',', 'IN']"
252,"without losing precision, while the",0 11 46 0,"['TaggedPDF-doc', 'Sect', 'Normal', 'statement', 'word']",{},0.0005497526113249038,1.2671717284030137,0.0006966309666866485,No,"['IN', 'VBG', 'NN', ',', 'IN', 'DT']"
253,"losing precision, while the fixed-point",0 11 46 0,"['TaggedPDF-doc', 'Sect', 'Normal', 'statement', 'word']",{},0.0005497526113249038,1.2671717284030137,0.0006966309666866485,No,"['VBG', 'NN', ',', 'IN', 'DT', 'JJ']"
254,"precision, while the fixed-point format",0 11 46 0,"['TaggedPDF-doc', 'Sect', 'Normal', 'statement', 'word']",{},0.0005497526113249038,1.2671717284030137,0.0006966309666866485,No,"['NN', ',', 'IN', 'DT', 'JJ', 'NN']"
255,while the fixed-point format has,0 11 46 0,"['TaggedPDF-doc', 'Sect', 'Normal', 'statement', 'word']",{},0.0005497526113249038,1.2671717284030137,0.0006966309666866485,No,"['IN', 'DT', 'JJ', 'NN', 'VBZ']"
256,the fixed-point format has a,0 11 46 0,"['TaggedPDF-doc', 'Sect', 'Normal', 'statement', 'word']",{},0.0005497526113249038,1.2671717284030137,0.0006966309666866485,No,"['DT', 'JJ', 'NN', 'VBZ', 'DT']"
257,fixed-point format has a fixed,0 11 46 0,"['TaggedPDF-doc', 'Sect', 'Normal', 'statement', 'word']",{},0.0005497526113249038,1.2671717284030137,0.0006966309666866485,No,"['JJ', 'NN', 'VBZ', 'DT', 'VBN']"
258,format has a fixed window,0 11 46 0,"['TaggedPDF-doc', 'Sect', 'Normal', 'statement', 'word']",{},0.0005497526113249038,1.2671717284030137,0.0006966309666866485,No,"['NN', 'VBZ', 'DT', 'VBN', 'NN']"
259,has a fixed window of,0 11 46 0,"['TaggedPDF-doc', 'Sect', 'Normal', 'statement', 'word']",{},0.0005497526113249038,1.2671717284030137,0.0006966309666866485,No,"['VBZ', 'DT', 'VBN', 'NN', 'IN']"
260,a fixed window of representation,0 11 46 0,"['TaggedPDF-doc', 'Sect', 'Normal', 'statement', 'word']",{},0.0005497526113249038,1.2671717284030137,0.0006966309666866485,No,"['DT', 'VBN', 'NN', 'IN', 'NN']"
261,So for example in a,0 11 46 1,"['TaggedPDF-doc', 'Sect', 'Normal', 'statement', 'word']",{},0.0005497526113249038,1.2671717284030137,0.0006966309666866485,No,"['IN', 'IN', 'NN', 'IN', 'DT']"
262,for example in a 32-bit,0 11 46 1,"['TaggedPDF-doc', 'Sect', 'Normal', 'statement', 'word']",{},0.0005497526113249038,1.2671717284030137,0.0006966309666866485,No,"['IN', 'NN', 'IN', 'DT', 'JJ']"
263,example in a 32-bit floating-point,0 11 46 1,"['TaggedPDF-doc', 'Sect', 'Normal', 'statement', 'word']",{},0.0005497526113249038,1.2671717284030137,0.0006966309666866485,No,"['NN', 'IN', 'DT', 'JJ', 'JJ']"
264,"in a 32-bit floating-point representation,",0 11 46 1,"['TaggedPDF-doc', 'Sect', 'Normal', 'statement', 'word']",{},0.0005497526113249038,1.2671717284030137,0.0006966309666866485,No,"['IN', 'DT', 'JJ', 'JJ', 'NN']"
265,"a 32-bit floating-point representation, numbers",0 11 46 1,"['TaggedPDF-doc', 'Sect', 'Normal', 'statement', 'word']",{},0.0005497526113249038,1.2671717284030137,0.0006966309666866485,No,"['DT', 'JJ', 'JJ', 'NN', ',', 'NNS']"
266,"32-bit floating-point representation, numbers from",0 11 46 1,"['TaggedPDF-doc', 'Sect', 'Normal', 'statement', 'word']",{},0.0005497526113249038,1.2671717284030137,0.0006966309666866485,No,"['JJ', 'JJ', 'NN', ',', 'NNS', 'IN']"
267,"floating-point representation, numbers from 3.4",0 11 46 1,"['TaggedPDF-doc', 'Sect', 'Normal', 'statement', 'word']",{},0.0005497526113249038,1.2671717284030137,0.0006966309666866485,No,"['JJ', 'NN', ',', 'NNS', 'IN', 'CD']"
268,"representation, numbers from 3.4 x",0 11 46 1,"['TaggedPDF-doc', 'Sect', 'Normal', 'statement', 'word']",{},0.0005497526113249038,1.2671717284030137,0.0006966309666866485,No,"['NN', ',', 'NNS', 'IN', 'CD', 'NN']"
269,numbers from 3.4 x 1038,0 11 46 1,"['TaggedPDF-doc', 'Sect', 'Normal', 'statement', 'word']",{},0.0005497526113249038,1.2671717284030137,0.0006966309666866485,No,"['NNS', 'IN', 'CD', 'NN', 'CD']"
270,from 3.4 x 1038 to,0 11 46 1,"['TaggedPDF-doc', 'Sect', 'Normal', 'statement', 'word']",{},0.0005497526113249038,1.2671717284030137,0.0006966309666866485,No,"['IN', 'CD', 'NN', 'CD', 'TO']"
271,3.4 x 1038 to 1.4,0 11 46 1,"['TaggedPDF-doc', 'Sect', 'Normal', 'statement', 'word']",{},0.0005497526113249038,1.2671717284030137,0.0006966309666866485,No,"['CD', 'NN', 'CD', 'TO', 'CD']"
272,x 1038 to 1.4 x,0 11 46 1,"['TaggedPDF-doc', 'Sect', 'Normal', 'statement', 'word']",{},0.0005497526113249038,1.2671717284030137,0.0006966309666866485,No,"['NN', 'CD', 'TO', 'CD', 'NN']"
273,1038 to 1.4 x 10-45,0 11 46 1,"['TaggedPDF-doc', 'Sect', 'Normal', 'statement', 'word']",{},0.0005497526113249038,1.2671717284030137,0.0006966309666866485,No,"['CD', 'TO', 'CD', 'NN', 'CD']"
274,to 1.4 x 10-45 can,0 11 46 1,"['TaggedPDF-doc', 'Sect', 'Normal', 'statement', 'word']",{},0.0005497526113249038,1.2671717284030137,0.0006966309666866485,No,"['TO', 'CD', 'NN', 'CD', 'MD']"
275,1.4 x 10-45 can be,0 11 46 1,"['TaggedPDF-doc', 'Sect', 'Normal', 'statement', 'word']",{},0.0005497526113249038,1.2671717284030137,0.0006966309666866485,No,"['CD', 'NN', 'CD', 'MD', 'VB']"
276,x 10-45 can be represented,0 11 46 1,"['TaggedPDF-doc', 'Sect', 'Normal', 'statement', 'word']",{},0.0005497526113249038,1.2671717284030137,0.0006966309666866485,No,"['NN', 'CD', 'MD', 'VB', 'VBN']"
277,10-45 can be represented with,0 11 46 1,"['TaggedPDF-doc', 'Sect', 'Normal', 'statement', 'word']",{},0.0005497526113249038,1.2671717284030137,0.0006966309666866485,No,"['CD', 'MD', 'VB', 'VBN', 'IN']"
278,"can be represented with ease,",0 11 46 1,"['TaggedPDF-doc', 'Sect', 'Normal', 'statement', 'word']",{},0.0005497526113249038,1.2671717284030137,0.0006966309666866485,No,"['MD', 'VB', 'VBN', 'IN', 'JJ']"
279,"be represented with ease, which",0 11 46 1,"['TaggedPDF-doc', 'Sect', 'Normal', 'statement', 'word']",{},0.0005497526113249038,1.2671717284030137,0.0006966309666866485,No,"['VB', 'VBN', 'IN', 'NN', ',', 'WDT']"
280,"represented with ease, which is",0 11 46 1,"['TaggedPDF-doc', 'Sect', 'Normal', 'statement', 'word']",{},0.0005497526113249038,1.2671717284030137,0.0006966309666866485,No,"['VBD', 'IN', 'NN', ',', 'WDT', 'VBZ']"
281,"with ease, which is one",0 11 46 1,"['TaggedPDF-doc', 'Sect', 'Normal', 'statement', 'word']",{},0.0005497526113249038,1.2671717284030137,0.0006966309666866485,No,"['IN', 'NN', ',', 'WDT', 'VBZ', 'CD']"
282,"ease, which is one of",0 11 46 1,"['TaggedPDF-doc', 'Sect', 'Normal', 'statement', 'word']",{},0.0005497526113249038,1.2671717284030137,0.0006966309666866485,No,"['NN', ',', 'WDT', 'VBZ', 'CD', 'IN']"
283,which is one of the,0 11 46 1,"['TaggedPDF-doc', 'Sect', 'Normal', 'statement', 'word']",{},0.0005497526113249038,1.2671717284030137,0.0006966309666866485,No,"['WDT', 'VBZ', 'CD', 'IN', 'DT']"
284,is one of the reasons,0 11 46 1,"['TaggedPDF-doc', 'Sect', 'Normal', 'statement', 'word']",{},0.0010995052226498076,1.2671717284030137,0.001393261933373297,No,"['VBZ', 'CD', 'IN', 'DT', 'NNS']"
285,one of the reasons why,0 11 46 1,"['TaggedPDF-doc', 'Sect', 'Normal', 'statement', 'word']",{},0.0010995052226498076,1.2671717284030137,0.001393261933373297,No,"['CD', 'IN', 'DT', 'NNS', 'WRB']"
286,of the reasons why floating-point,0 11 46 1,"['TaggedPDF-doc', 'Sect', 'Normal', 'statement', 'word']",{},0.0005497526113249038,1.2671717284030137,0.0006966309666866485,No,"['IN', 'DT', 'NNS', 'WRB', 'JJ']"
287,the reasons why floating-point representation,0 11 46 1,"['TaggedPDF-doc', 'Sect', 'Normal', 'statement', 'word']",{},0.0005497526113249038,1.2671717284030137,0.0006966309666866485,No,"['DT', 'NNS', 'WRB', 'JJ', 'NN']"
288,reasons why floating-point representation is,0 11 46 1,"['TaggedPDF-doc', 'Sect', 'Normal', 'statement', 'word']",{},0.0005497526113249038,1.2671717284030137,0.0006966309666866485,No,"['NNS', 'WRB', 'JJ', 'NN', 'VBZ']"
289,why floating-point representation is the,0 11 46 1,"['TaggedPDF-doc', 'Sect', 'Normal', 'statement', 'word']",{},0.0005497526113249038,1.2671717284030137,0.0006966309666866485,No,"['WRB', 'JJ', 'NN', 'VBZ', 'DT']"
290,floating-point representation is the most,0 11 46 1,"['TaggedPDF-doc', 'Sect', 'Normal', 'statement', 'word']",{},0.0005497526113249038,1.2671717284030137,0.0006966309666866485,No,"['JJ', 'NN', 'VBZ', 'DT', 'RBS']"
291,representation is the most common,0 11 46 1,"['TaggedPDF-doc', 'Sect', 'Normal', 'statement', 'word']",{},0.0005497526113249038,1.2671717284030137,0.0006966309666866485,No,"['NN', 'VBZ', 'DT', 'RBS', 'JJ']"
292,is the most common solution,0 11 46 1,"['TaggedPDF-doc', 'Sect', 'Normal', 'statement', 'word']",{},0.0005497526113249038,1.2671717284030137,0.0006966309666866485,No,"['VBZ', 'DT', 'RBS', 'JJ', 'NN']"
293,Floating-point representations also include special,0 11 47 0,"['TaggedPDF-doc', 'Sect', 'Normal', 'statement', 'word']",{},0.0005497526113249038,1.2671717284030137,0.0006966309666866485,No,"['JJ', 'NNS', 'RB', 'VBP', 'JJ']"
294,representations also include special values,0 11 47 0,"['TaggedPDF-doc', 'Sect', 'Normal', 'statement', 'word']",{},0.0005497526113249038,1.2671717284030137,0.0006966309666866485,No,"['NNS', 'RB', 'VBP', 'JJ', 'NNS']"
295,also include special values like,0 11 47 0,"['TaggedPDF-doc', 'Sect', 'Normal', 'statement', 'word']",{},0.0005497526113249038,1.2671717284030137,0.0006966309666866485,No,"['RB', 'VBP', 'JJ', 'NNS', 'IN']"
296,"include special values like infinity,",0 11 47 0,"['TaggedPDF-doc', 'Sect', 'Normal', 'statement', 'word']",{},0.0005497526113249038,1.2671717284030137,0.0006966309666866485,No,"['NN', 'JJ', 'NNS', 'IN', 'NN']"
297,"special values like infinity, Not-a-Number",0 11 47 0,"['TaggedPDF-doc', 'Sect', 'Normal', 'statement', 'word']",{},0.0005497526113249038,1.2671717284030137,0.0006966309666866485,No,"['JJ', 'NNS', 'IN', 'NN', ',', 'JJ']"
298,"values like infinity, Not-a-Number (e.g",0 11 47 0,"['TaggedPDF-doc', 'Sect', 'Normal', 'statement', 'word']",{},0.0005497526113249038,1.2671717284030137,0.0006966309666866485,No,"['NNS', 'IN', 'NN', ',', 'JJ', 'NN', 'JJ']"
299,result of square root of,0 11 47 1,"['TaggedPDF-doc', 'Sect', 'Normal', 'statement', 'word']",{},0.0005497526113249038,1.2671717284030137,0.0006966309666866485,No,"['NN', 'IN', 'NN', 'NN', 'IN']"
300,of square root of a,0 11 47 1,"['TaggedPDF-doc', 'Sect', 'Normal', 'statement', 'word']",{},0.0005497526113249038,1.2671717284030137,0.0006966309666866485,No,"['IN', 'JJ', 'NN', 'IN', 'DT']"
301,square root of a negative,0 11 47 1,"['TaggedPDF-doc', 'Sect', 'Normal', 'statement', 'word']",{},0.0010995052226498076,1.0910804693473326,0.0011996486743785955,No,"['NN', 'VBD', 'IN', 'DT', 'JJ']"
302,root of a negative number),0 11 47 1,"['TaggedPDF-doc', 'Sect', 'Normal', 'statement', 'word']",{},0.0005497526113249038,1.2671717284030137,0.0006966309666866485,No,"['NN', 'IN', 'DT', 'JJ', 'NN', ':']"
303,IEEE Standard 754 for Binary,0 11 58 1,"['TaggedPDF-doc', 'Sect', 'heading-1', 'statement', 'word']",{},0.002748763056624519,1.2671717284030137,0.0034831548334332426,No,"['NNP', 'NNP', 'CD', 'IN', 'NNP']"
304,Standard 754 for Binary Floating-Point,0 11 58 1,"['TaggedPDF-doc', 'Sect', 'heading-1', 'statement', 'word']",{},0.002748763056624519,1.2671717284030137,0.0034831548334332426,No,"['NNP', 'CD', 'IN', 'NNP', 'JJ']"
305,754 for Binary Floating-Point Arithmetic,0 11 58 1,"['TaggedPDF-doc', 'Sect', 'heading-1', 'statement', 'word']",{},0.0010995052226498076,1.2671717284030137,0.001393261933373297,No,"['CD', 'IN', 'NNP', 'JJ', 'NNP']"
306,The IEEE (Institute of Electrical,0 11 62 0,"['TaggedPDF-doc', 'Sect', 'Normal', 'statement', 'word']",{},0.0005497526113249038,1.2671717284030137,0.0006966309666866485,No,"['DT', 'NNP', 'NNP', 'NNP', 'IN', 'NNP']"
307,IEEE (Institute of Electrical and,0 11 62 0,"['TaggedPDF-doc', 'Sect', 'Normal', 'statement', 'word']",{},0.0005497526113249038,1.2671717284030137,0.0006966309666866485,No,"['NNP', ':', 'NNP', 'IN', 'NNP', 'CC']"
308,(Institute of Electrical and Electronics,0 11 62 0,"['TaggedPDF-doc', 'Sect', 'Normal', 'statement', 'word']",{},0.0005497526113249038,1.2671717284030137,0.0006966309666866485,No,"['NN', 'NNP', 'IN', 'NNP', 'CC', 'NNP']"
309,of Electrical and Electronics Engineers),0 11 62 0,"['TaggedPDF-doc', 'Sect', 'Normal', 'statement', 'word']",{},0.0005497526113249038,1.2671717284030137,0.0006966309666866485,No,"['IN', 'NNP', 'CC', 'NNP', 'NNPS', 'NNP']"
310,Electrical and Electronics Engineers) has,0 11 62 0,"['TaggedPDF-doc', 'Sect', 'Normal', 'statement', 'word']",{},0.0005497526113249038,1.2671717284030137,0.0006966309666866485,No,"['JJ', 'CC', 'NNP', 'NNPS', 'NNP', 'VBZ']"
311,and Electronics Engineers) has produced,0 11 62 0,"['TaggedPDF-doc', 'Sect', 'Normal', 'statement', 'word']",{},0.0005497526113249038,1.2671717284030137,0.0006966309666866485,No,"['CC', 'NNP', 'NNPS', 'NNP', 'VBZ', 'VBN']"
312,Electronics Engineers) has produced a,0 11 62 0,"['TaggedPDF-doc', 'Sect', 'Normal', 'statement', 'word']",{},0.0005497526113249038,1.2671717284030137,0.0006966309666866485,No,"['NNS', 'NNPS', ':', 'VBZ', 'VBN', 'DT']"
313,Engineers) has produced a Standard,0 11 62 0,"['TaggedPDF-doc', 'Sect', 'Normal', 'statement', 'word']",{},0.0005497526113249038,1.2671717284030137,0.0006966309666866485,No,"['NNS', 'VBP', 'VBZ', 'VBN', 'DT', 'NNP']"
314,has produced a Standard to,0 11 62 0,"['TaggedPDF-doc', 'Sect', 'Normal', 'statement', 'word']",{},0.0005497526113249038,1.2671717284030137,0.0006966309666866485,No,"['VBZ', 'VBN', 'DT', 'NNP', 'TO']"
315,produced a Standard to define,0 11 62 0,"['TaggedPDF-doc', 'Sect', 'Normal', 'statement', 'word']",{},0.0005497526113249038,1.2671717284030137,0.0006966309666866485,No,"['VBN', 'DT', 'NNP', 'TO', 'VB']"
316,a Standard to define floating-point,0 11 62 0,"['TaggedPDF-doc', 'Sect', 'Normal', 'statement', 'word']",{},0.0005497526113249038,1.2671717284030137,0.0006966309666866485,No,"['DT', 'NNP', 'TO', 'VB', 'JJ']"
317,Standard to define floating-point representation,0 11 62 0,"['TaggedPDF-doc', 'Sect', 'Normal', 'statement', 'word']",{},0.0005497526113249038,1.2671717284030137,0.0006966309666866485,No,"['NNP', 'TO', 'VB', 'JJ', 'NN']"
318,to define floating-point representation and,0 11 62 0,"['TaggedPDF-doc', 'Sect', 'Normal', 'statement', 'word']",{},0.0005497526113249038,1.2671717284030137,0.0006966309666866485,No,"['TO', 'VB', 'JJ', 'NN', 'CC']"
319,define floating-point representation and arithmetic,0 11 62 0,"['TaggedPDF-doc', 'Sect', 'Normal', 'statement', 'word']",{},0.0005497526113249038,1.2671717284030137,0.0006966309666866485,No,"['NN', 'JJ', 'NN', 'CC', 'JJ']"
320,"Although there are other representations,",0 11 62 1,"['TaggedPDF-doc', 'Sect', 'Normal', 'statement', 'word']",{},0.0005497526113249038,1.2671717284030137,0.0006966309666866485,No,"['IN', 'EX', 'VBP', 'JJ', 'JJ']"
321,"there are other representations, it",0 11 62 1,"['TaggedPDF-doc', 'Sect', 'Normal', 'statement', 'word']",{},0.0005497526113249038,1.2671717284030137,0.0006966309666866485,No,"['EX', 'VBP', 'JJ', 'NNS', ',', 'PRP']"
322,"are other representations, it is",0 11 62 1,"['TaggedPDF-doc', 'Sect', 'Normal', 'statement', 'word']",{},0.0005497526113249038,1.2671717284030137,0.0006966309666866485,No,"['VBP', 'JJ', 'NNS', ',', 'PRP', 'VBZ']"
323,"other representations, it is the",0 11 62 1,"['TaggedPDF-doc', 'Sect', 'Normal', 'statement', 'word']",{},0.0005497526113249038,1.2671717284030137,0.0006966309666866485,No,"['JJ', 'NNS', ',', 'PRP', 'VBZ', 'DT']"
324,"representations, it is the most",0 11 62 1,"['TaggedPDF-doc', 'Sect', 'Normal', 'statement', 'word']",{},0.0005497526113249038,1.2671717284030137,0.0006966309666866485,No,"['NNS', ',', 'PRP', 'VBZ', 'DT', 'RBS']"
325,it is the most common,0 11 62 1,"['TaggedPDF-doc', 'Sect', 'Normal', 'statement', 'word']",{},0.0005497526113249038,1.2671717284030137,0.0006966309666866485,No,"['PRP', 'VBZ', 'DT', 'RBS', 'JJ']"
326,is the most common representation,0 11 62 1,"['TaggedPDF-doc', 'Sect', 'Normal', 'statement', 'word']",{},0.0005497526113249038,1.0910804693473326,0.0005998243371892977,No,"['VBZ', 'DT', 'RBS', 'JJ', 'NN']"
327,the most common representation used,0 11 62 1,"['TaggedPDF-doc', 'Sect', 'Normal', 'statement', 'word']",{},0.0005497526113249038,1.2671717284030137,0.0006966309666866485,No,"['DT', 'RBS', 'JJ', 'NN', 'VBN']"
328,most common representation used for,0 11 62 1,"['TaggedPDF-doc', 'Sect', 'Normal', 'statement', 'word']",{},0.0005497526113249038,1.2671717284030137,0.0006966309666866485,No,"['JJS', 'JJ', 'NN', 'VBN', 'IN']"
329,common representation used for floating,0 11 62 1,"['TaggedPDF-doc', 'Sect', 'Normal', 'statement', 'word']",{},0.0005497526113249038,1.2671717284030137,0.0006966309666866485,No,"['JJ', 'NN', 'VBN', 'IN', 'NN']"
330,representation used for floating point,0 11 62 1,"['TaggedPDF-doc', 'Sect', 'Normal', 'statement', 'word']",{},0.0005497526113249038,1.2671717284030137,0.0006966309666866485,No,"['NN', 'VBD', 'IN', 'NN', 'NN']"
331,used for floating point numbers,0 11 62 1,"['TaggedPDF-doc', 'Sect', 'Normal', 'statement', 'word']",{},0.0005497526113249038,1.2671717284030137,0.0006966309666866485,No,"['VBD', 'IN', 'NN', 'NN', 'NNS']"
332,The standard brought out by,0 11 63 0,"['TaggedPDF-doc', 'Sect', 'Normal', 'statement', 'word']",{},0.0005497526113249038,1.2671717284030137,0.0006966309666866485,No,"['DT', 'JJ', 'NN', 'IN', 'IN']"
333,standard brought out by the,0 11 63 0,"['TaggedPDF-doc', 'Sect', 'Normal', 'statement', 'word']",{},0.0005497526113249038,1.2671717284030137,0.0006966309666866485,No,"['JJ', 'NN', 'IN', 'IN', 'DT']"
334,brought out by the IEEE,0 11 63 0,"['TaggedPDF-doc', 'Sect', 'Normal', 'statement', 'word']",{},0.0005497526113249038,1.2671717284030137,0.0006966309666866485,No,"['VBD', 'IN', 'IN', 'DT', 'NNP']"
335,out by the IEEE come,0 11 63 0,"['TaggedPDF-doc', 'Sect', 'Normal', 'statement', 'word']",{},0.0005497526113249038,1.2671717284030137,0.0006966309666866485,No,"['IN', 'IN', 'DT', 'NNP', 'NN']"
336,by the IEEE come to,0 11 63 0,"['TaggedPDF-doc', 'Sect', 'Normal', 'statement', 'word']",{},0.0005497526113249038,1.2671717284030137,0.0006966309666866485,No,"['IN', 'DT', 'NNP', 'NN', 'TO']"
337,the IEEE come to be,0 11 63 0,"['TaggedPDF-doc', 'Sect', 'Normal', 'statement', 'word']",{},0.0005497526113249038,1.2671717284030137,0.0006966309666866485,No,"['DT', 'NNP', 'NN', 'TO', 'VB']"
338,IEEE come to be known,0 11 63 0,"['TaggedPDF-doc', 'Sect', 'Normal', 'statement', 'word']",{},0.0005497526113249038,1.2671717284030137,0.0006966309666866485,No,"['NNP', 'VBP', 'TO', 'VB', 'VBN']"
339,come to be known as,0 11 63 0,"['TaggedPDF-doc', 'Sect', 'Normal', 'statement', 'word']",{},0.0005497526113249038,1.2671717284030137,0.0006966309666866485,No,"['NN', 'TO', 'VB', 'VBN', 'IN']"
340,to be known as IEEE,0 11 63 0,"['TaggedPDF-doc', 'Sect', 'Normal', 'statement', 'word']",{},0.0005497526113249038,1.2671717284030137,0.0006966309666866485,No,"['TO', 'VB', 'VBN', 'IN', 'NNP']"
341,be known as IEEE 754,0 11 63 0,"['TaggedPDF-doc', 'Sect', 'Normal', 'statement', 'word']",{},0.0005497526113249038,1.2671717284030137,0.0006966309666866485,No,"['VB', 'VBN', 'IN', 'NNP', 'CD']"
342,1) Basic and extended floating-point,0 11 66 0,"['TaggedPDF-doc', 'Sect', 'Normal', 'statement', 'word']",{},0.0005497526113249038,1.2671717284030137,0.0006966309666866485,No,"['LS', '``', 'JJ', 'CC', 'VBD', 'JJ']"
343,Basic and extended floating-point number,0 11 66 0,"['TaggedPDF-doc', 'Sect', 'Normal', 'statement', 'word']",{},0.0005497526113249038,1.2671717284030137,0.0006966309666866485,No,"['JJ', 'CC', 'VBD', 'JJ', 'NN']"
344,and extended floating-point number formats,0 11 66 0,"['TaggedPDF-doc', 'Sect', 'Normal', 'statement', 'word']",{},0.0005497526113249038,1.2671717284030137,0.0006966309666866485,No,"['CC', 'VBD', 'JJ', 'NN', 'NNS']"
345,"2) Add, subtract, multiply, divide,",0 11 67 0,"['TaggedPDF-doc', 'Sect', 'Normal', 'statement', 'word']",{},0.0005497526113249038,1.2671717284030137,0.0006966309666866485,No,"['LS', '``', 'NNP', ',', 'NN', ',', 'RB', ',', 'NNP']"
346,"Add, subtract, multiply, divide, square",0 11 67 0,"['TaggedPDF-doc', 'Sect', 'Normal', 'statement', 'word']",{},0.0005497526113249038,1.2671717284030137,0.0006966309666866485,No,"['NNP', ',', 'NN', ',', 'RB', ',', 'VBP', ',', 'JJ']"
347,"subtract, multiply, divide, square root,",0 11 67 0,"['TaggedPDF-doc', 'Sect', 'Normal', 'statement', 'word']",{},0.0005497526113249038,1.2671717284030137,0.0006966309666866485,No,"['NN', ',', 'RB', ',', 'VBP', ',', 'JJ', 'NN']"
348,"multiply, divide, square root, remainder,",0 11 67 0,"['TaggedPDF-doc', 'Sect', 'Normal', 'statement', 'word']",{},0.0005497526113249038,1.2671717284030137,0.0006966309666866485,No,"['RB', ',', 'VBP', ',', 'JJ', 'NN', ',', 'NNP']"
349,"divide, square root, remainder, and",0 11 67 0,"['TaggedPDF-doc', 'Sect', 'Normal', 'statement', 'word']",{},0.0005497526113249038,1.2671717284030137,0.0006966309666866485,No,"['NN', ',', 'JJ', 'NN', ',', 'NN', ',', 'CC']"
350,"square root, remainder, and compare",0 11 67 0,"['TaggedPDF-doc', 'Sect', 'Normal', 'statement', 'word']",{},0.0005497526113249038,1.2671717284030137,0.0006966309666866485,No,"['NN', 'VBD', ',', 'NN', ',', 'CC', 'VB']"
351,"root, remainder, and compare operations",0 11 67 0,"['TaggedPDF-doc', 'Sect', 'Normal', 'statement', 'word']",{},0.0005497526113249038,1.2671717284030137,0.0006966309666866485,No,"['NN', ',', 'NN', ',', 'CC', 'VB', 'NNS']"
352,3) Conversions between integer and,0 11 68 0,"['TaggedPDF-doc', 'Sect', 'Normal', 'statement', 'word']",{},0.0005497526113249038,1.2671717284030137,0.0006966309666866485,No,"['LS', '``', 'NNS', 'IN', 'JJR', 'CC']"
353,Conversions between integer and floating-point,0 11 68 0,"['TaggedPDF-doc', 'Sect', 'Normal', 'statement', 'word']",{},0.0005497526113249038,1.2671717284030137,0.0006966309666866485,No,"['NNS', 'IN', 'JJR', 'CC', 'JJ']"
354,between integer and floating-point formats,0 11 68 0,"['TaggedPDF-doc', 'Sect', 'Normal', 'statement', 'word']",{},0.0005497526113249038,1.2671717284030137,0.0006966309666866485,No,"['IN', 'JJR', 'CC', 'JJ', 'NNS']"
355,4) Conversions between different floating-point,0 11 69 0,"['TaggedPDF-doc', 'Sect', 'Normal', 'statement', 'word']",{},0.0005497526113249038,1.2671717284030137,0.0006966309666866485,No,"['LS', '``', 'NNS', 'IN', 'JJ', 'JJ']"
356,Conversions between different floating-point formats,0 11 69 0,"['TaggedPDF-doc', 'Sect', 'Normal', 'statement', 'word']",{},0.0005497526113249038,1.2671717284030137,0.0006966309666866485,No,"['NNS', 'IN', 'JJ', 'JJ', 'NNS']"
357,5) Conversions between basic format,0 11 70 0,"['TaggedPDF-doc', 'Sect', 'Normal', 'statement', 'word']",{},0.0005497526113249038,1.2671717284030137,0.0006966309666866485,No,"['LS', '``', 'NNS', 'IN', 'JJ', 'NN']"
358,Conversions between basic format floating-point,0 11 70 0,"['TaggedPDF-doc', 'Sect', 'Normal', 'statement', 'word']",{},0.0005497526113249038,1.2671717284030137,0.0006966309666866485,No,"['NNS', 'IN', 'JJ', 'NN', 'JJ']"
359,between basic format floating-point numbers,0 11 70 0,"['TaggedPDF-doc', 'Sect', 'Normal', 'statement', 'word']",{},0.0005497526113249038,1.2671717284030137,0.0006966309666866485,No,"['IN', 'JJ', 'NN', 'JJ', 'NNS']"
360,basic format floating-point numbers and,0 11 70 0,"['TaggedPDF-doc', 'Sect', 'Normal', 'statement', 'word']",{},0.0005497526113249038,1.2671717284030137,0.0006966309666866485,No,"['JJ', 'NN', 'JJ', 'NNS', 'CC']"
361,format floating-point numbers and decimal,0 11 70 0,"['TaggedPDF-doc', 'Sect', 'Normal', 'statement', 'word']",{},0.0005497526113249038,1.2671717284030137,0.0006966309666866485,No,"['NN', 'JJ', 'NNS', 'CC', 'JJ']"
362,floating-point numbers and decimal strings,0 11 70 0,"['TaggedPDF-doc', 'Sect', 'Normal', 'statement', 'word']",{},0.0005497526113249038,1.2671717284030137,0.0006966309666866485,No,"['JJ', 'NNS', 'CC', 'JJ', 'NNS']"
363,6) Floating-point exceptions and their,0 11 71 0,"['TaggedPDF-doc', 'Sect', 'Normal', 'statement', 'word']",{},0.0005497526113249038,1.2671717284030137,0.0006966309666866485,No,"['CD', '``', 'JJ', 'NNS', 'CC', 'PRP$']"
364,"Floating-point exceptions and their handling,",0 11 71 0,"['TaggedPDF-doc', 'Sect', 'Normal', 'statement', 'word']",{},0.0005497526113249038,1.2671717284030137,0.0006966309666866485,No,"['JJ', 'NNS', 'CC', 'PRP$', 'NN']"
365,"exceptions and their handling, including",0 11 71 0,"['TaggedPDF-doc', 'Sect', 'Normal', 'statement', 'word']",{},0.0005497526113249038,1.2671717284030137,0.0006966309666866485,No,"['NNS', 'CC', 'PRP$', 'NN', ',', 'VBG']"
366,"and their handling, including non",0 11 71 0,"['TaggedPDF-doc', 'Sect', 'Normal', 'statement', 'word']",{},0.0005497526113249038,1.2671717284030137,0.0006966309666866485,No,"['CC', 'PRP$', 'NN', ',', 'VBG', 'NN']"
367,"their handling, including non numbers",0 11 71 0,"['TaggedPDF-doc', 'Sect', 'Normal', 'statement', 'word']",{},0.0005497526113249038,1.2671717284030137,0.0006966309666866485,No,"['PRP$', 'NN', ',', 'VBG', 'NN', 'NNS']"
368,"handling, including non numbers (NaNs)",0 11 71 0,"['TaggedPDF-doc', 'Sect', 'Normal', 'statement', 'word']",{},0.0005497526113249038,1.2671717284030137,0.0006966309666866485,No,"['NN', ',', 'VBG', 'NN', 'NNS', ':', 'NNS', 'VBP']"
369,When it comes to their,0 11 74 0,"['TaggedPDF-doc', 'Sect', 'Normal', 'statement', 'word']",{},0.0005497526113249038,1.2671717284030137,0.0006966309666866485,No,"['WRB', 'PRP', 'VBZ', 'TO', 'PRP$']"
370,it comes to their precision,0 11 74 0,"['TaggedPDF-doc', 'Sect', 'Normal', 'statement', 'word']",{},0.0005497526113249038,1.2671717284030137,0.0006966309666866485,No,"['PRP', 'VBZ', 'TO', 'PRP$', 'NN']"
371,comes to their precision and,0 11 74 0,"['TaggedPDF-doc', 'Sect', 'Normal', 'statement', 'word']",{},0.0005497526113249038,1.2671717284030137,0.0006966309666866485,No,"['NNS', 'TO', 'PRP$', 'NN', 'CC']"
372,to their precision and width,0 11 74 0,"['TaggedPDF-doc', 'Sect', 'Normal', 'statement', 'word']",{},0.0005497526113249038,1.2671717284030137,0.0006966309666866485,No,"['TO', 'PRP$', 'NN', 'CC', 'NN']"
373,their precision and width in,0 11 74 0,"['TaggedPDF-doc', 'Sect', 'Normal', 'statement', 'word']",{},0.0005497526113249038,1.2671717284030137,0.0006966309666866485,No,"['PRP$', 'NN', 'CC', 'NN', 'IN']"
374,"precision and width in bits,",0 11 74 0,"['TaggedPDF-doc', 'Sect', 'Normal', 'statement', 'word']",{},0.0005497526113249038,1.2671717284030137,0.0006966309666866485,No,"['NN', 'CC', 'NN', 'IN', 'NNP']"
375,"and width in bits, the",0 11 74 0,"['TaggedPDF-doc', 'Sect', 'Normal', 'statement', 'word']",{},0.0005497526113249038,1.2671717284030137,0.0006966309666866485,No,"['CC', 'NN', 'IN', 'NNS', ',', 'DT']"
376,"width in bits, the standard",0 11 74 0,"['TaggedPDF-doc', 'Sect', 'Normal', 'statement', 'word']",{},0.0005497526113249038,1.2671717284030137,0.0006966309666866485,No,"['NN', 'IN', 'NNS', ',', 'DT', 'JJ']"
377,"in bits, the standard defines",0 11 74 0,"['TaggedPDF-doc', 'Sect', 'Normal', 'statement', 'word']",{},0.0005497526113249038,1.2671717284030137,0.0006966309666866485,No,"['IN', 'PRP$', ',', 'DT', 'JJ', 'NNS']"
378,"bits, the standard defines two",0 11 74 0,"['TaggedPDF-doc', 'Sect', 'Normal', 'statement', 'word']",{},0.0005497526113249038,1.2671717284030137,0.0006966309666866485,No,"['NNS', ',', 'DT', 'JJ', 'NNS', 'CD']"
379,the standard defines two groups:,0 11 74 0,"['TaggedPDF-doc', 'Sect', 'Normal', 'statement', 'word']",{},0.0005497526113249038,1.2671717284030137,0.0006966309666866485,No,"['DT', 'JJ', 'NNS', 'CD', 'JJ']"
380,standard defines two groups: basic-,0 11 74 0,"['TaggedPDF-doc', 'Sect', 'Normal', 'statement', 'word']",{},0.0005497526113249038,1.2671717284030137,0.0006966309666866485,No,"['JJ', 'NNS', 'CD', 'NNS', ':', 'JJ']"
381,defines two groups: basic- and,0 11 74 0,"['TaggedPDF-doc', 'Sect', 'Normal', 'statement', 'word']",{},0.0005497526113249038,1.2671717284030137,0.0006966309666866485,No,"['NNS', 'CD', 'NNS', ':', 'JJ', 'CC']"
382,two groups: basic- and extended,0 11 74 0,"['TaggedPDF-doc', 'Sect', 'Normal', 'statement', 'word']",{},0.0005497526113249038,1.2671717284030137,0.0006966309666866485,No,"['CD', 'NNS', ':', 'JJ', 'CC', 'VBD']"
383,groups: basic- and extended format,0 11 74 0,"['T