S.No,Fourgram,Location Vector,Signature,Signature Weight,Tf,Idf,Tf - Idf Score,Is First Letter Capitalized,POS
1,Acrobat Distiller 7.0 (Windows),0 2 0 0 0 0,"['TaggedPDF-doc', '{adobe:ns:meta/}xmpmeta', '{http://www.w3.org/1999/02/22-rdf-syntax-ns#}RDF', '{http://www.w3.org/1999/02/22-rdf-syntax-ns#}Description', '{http://ns.adobe.com/pdf/1.3/}Producer', 'statement', 'word']",{},0.0004916420845624386,1.568201724066995,0.0007709939646347075,No,"['NNP', 'NNP', 'CD', 'CD', 'NNP', 'NNP']"
2,Acrobat PDFMaker 7.0 for,0 2 0 2 1 0,"['TaggedPDF-doc', '{adobe:ns:meta/}xmpmeta', '{http://www.w3.org/1999/02/22-rdf-syntax-ns#}RDF', '{http://www.w3.org/1999/02/22-rdf-syntax-ns#}Description', '{http://ns.adobe.com/xap/1.0/}CreatorTool', 'statement', 'word']",{},0.0004916420845624386,1.2671717284030137,0.0006229949500506459,No,"['NNP', 'NNP', 'CD', 'IN']"
3,PDFMaker 7.0 for Word,0 2 0 2 1 0,"['TaggedPDF-doc', '{adobe:ns:meta/}xmpmeta', '{http://www.w3.org/1999/02/22-rdf-syntax-ns#}RDF', '{http://www.w3.org/1999/02/22-rdf-syntax-ns#}Description', '{http://ns.adobe.com/xap/1.0/}CreatorTool', 'statement', 'word']",{},0.0004916420845624386,1.2671717284030137,0.0006229949500506459,No,"['NN', 'CD', 'IN', 'NNP']"
4,IEEE Standard 754 for,0 5 3 0 1,"['TaggedPDF-doc', 'Part', 'P', 'Link', 'statement', 'word']",['Link'],0.0024582104228121925,1.2671717284030137,0.0031149747502532293,No,"['NNP', 'NNP', 'CD', 'IN']"
5,Standard 754 for Binary,0 5 3 0 1,"['TaggedPDF-doc', 'Part', 'P', 'Link', 'statement', 'word']",['Link'],0.0024582104228121925,1.2671717284030137,0.0031149747502532293,No,"['NNP', 'CD', 'IN', 'NNP']"
6,754 for Binary Floating-Point,0 5 3 0 1,"['TaggedPDF-doc', 'Part', 'P', 'Link', 'statement', 'word']",['Link'],0.0024582104228121925,1.2671717284030137,0.0031149747502532293,No,"['CD', 'IN', 'NNP', 'JJ']"
7,for Binary Floating-Point Arithmetic,0 5 3 0 1,"['TaggedPDF-doc', 'Part', 'P', 'Link', 'statement', 'word']",['Link'],0.0009832841691248771,0.9661417327390326,0.0009499918709331688,No,"['IN', 'NNP', 'JJ', 'NNP']"
8,3.2.2 Division by Zero,0 5 7 0 0,"['TaggedPDF-doc', 'Part', 'P', 'Link', 'statement', 'word']",['Link'],0.0009832841691248771,1.2671717284030137,0.0012459899001012918,No,"['CD', 'NNP', 'IN', 'NNP']"
9,3.3.1 Round to nearest,0 5 15 0 0,"['TaggedPDF-doc', 'Part', 'P', 'Link', 'statement', 'word']",['Link'],0.0014749262536873156,1.2671717284030137,0.0018689848501519375,No,"['CD', 'NNP', 'TO', 'VB']"
10,Round to nearest even,0 5 15 0 0,"['TaggedPDF-doc', 'Part', 'P', 'Link', 'statement', 'word']",['Link'],0.0014749262536873156,0.8692317197309762,0.0012820526839689916,No,"['NN', 'TO', 'VB', 'RB']"
11,Arithmetic on floating point,0 5 19 0 1,"['TaggedPDF-doc', 'Part', 'P', 'Link', 'statement', 'word']",['Link'],0.0014749262536873156,1.2671717284030137,0.0018689848501519375,No,"['JJ', 'IN', 'NN', 'NN']"
12,on floating point numbers,0 5 19 0 1,"['TaggedPDF-doc', 'Part', 'P', 'Link', 'statement', 'word']",['Link'],0.0014749262536873156,1.2671717284030137,0.0018689848501519375,No,"['IN', 'NN', 'NN', 'NNS']"
13,4.1 Addition and Subtraction,0 5 20 0 0,"['TaggedPDF-doc', 'Part', 'P', 'Link', 'statement', 'word']",['Link'],0.0009832841691248771,1.2671717284030137,0.0012459899001012918,No,"['CD', 'NNP', 'CC', 'NNP']"
14,4.2 Compilation and Synthesis,0 5 28 0 0,"['TaggedPDF-doc', 'Part', 'P', 'Link', 'statement', 'word']",['Link'],0.0009832841691248771,1.2671717284030137,0.0012459899001012918,No,"['CD', 'NNP', 'CC', 'NNP']"
15,4.3 Test and verification,0 5 29 0 0,"['TaggedPDF-doc', 'Part', 'P', 'Link', 'statement', 'word']",['Link'],0.0009832841691248771,1.2671717284030137,0.0012459899001012918,No,"['CD', 'NN', 'CC', 'NN']"
16,IEEE Standard 754 for,0 10 26 2 0 1,"['TaggedPDF-doc', 'Sect', 'TOC', 'TOCI', 'Link', 'statement', 'word']",['Link'],0.0024582104228121925,1.2671717284030137,0.0031149747502532293,No,"['NNP', 'NNP', 'CD', 'IN']"
17,Standard 754 for Binary,0 10 26 2 0 1,"['TaggedPDF-doc', 'Sect', 'TOC', 'TOCI', 'Link', 'statement', 'word']",['Link'],0.0024582104228121925,1.2671717284030137,0.0031149747502532293,No,"['NNP', 'CD', 'IN', 'NNP']"
18,754 for Binary Floating-Point,0 10 26 2 0 1,"['TaggedPDF-doc', 'Sect', 'TOC', 'TOCI', 'Link', 'statement', 'word']",['Link'],0.0024582104228121925,1.2671717284030137,0.0031149747502532293,No,"['CD', 'IN', 'NNP', 'JJ']"
19,for Binary Floating-Point Arithmetic..........................................3,0 10 26 2 0 1,"['TaggedPDF-doc', 'Sect', 'TOC', 'TOCI', 'Link', 'statement', 'word']",['Link'],0.0004916420845624386,1.2671717284030137,0.0006229949500506459,No,"['IN', 'NNP', 'JJ', 'NNP', ':', ':', ':', ':', ':', ':', ':', ':', ':', ':', ':', ':', ':', ':', 'CD']"
20,3.2.2 Division by Zero...........................................................................................................................5,0 10 26 6 0 0,"['TaggedPDF-doc', 'Sect', 'TOC', 'TOCI', 'Link', 'statement', 'word']",['Link'],0.0004916420845624386,1.2671717284030137,0.0006229949500506459,No,"['CD', 'NNP', 'IN', 'NNP', ':', ':', ':', ':', ':', ':', ':', ':', ':', ':', ':', ':', ':', ':', ':', ':', ':', ':', ':', ':', ':', ':', ':', ':', ':', ':', ':', ':', ':', ':', ':', ':', ':', ':', ':', ':', ':', ':', ':', ':', ':', 'CD']"
21,3.3.1 Round to nearest,0 10 26 13 0 0,"['TaggedPDF-doc', 'Sect', 'TOC', 'TOCI', 'Link', 'statement', 'word']",['Link'],0.0014749262536873156,1.2671717284030137,0.0018689848501519375,No,"['CD', 'NNP', 'TO', 'VB']"
22,Round to nearest even...................................................................................................................7,0 10 26 13 0 0,"['TaggedPDF-doc', 'Sect', 'TOC', 'TOCI', 'Link', 'statement', 'word']",['Link'],0.0004916420845624386,1.2671717284030137,0.0006229949500506459,No,"['NN', 'TO', 'VB', 'RB', ':', ':', ':', ':', ':', ':', ':', ':', ':', ':', ':', ':', ':', ':', ':', ':', ':', ':', ':', ':', ':', ':', ':', ':', ':', ':', ':', ':', ':', ':', ':', ':', ':', ':', ':', ':', ':', ':', 'CD']"
23,Arithmetic on floating point,0 10 26 17 0 1,"['TaggedPDF-doc', 'Sect', 'TOC', 'TOCI', 'Link', 'statement', 'word']",['Link'],0.0014749262536873156,1.2671717284030137,0.0018689848501519375,No,"['JJ', 'IN', 'NN', 'NN']"
24,on floating point numbers...........................................................................8,0 10 26 17 0 1,"['TaggedPDF-doc', 'Sect', 'TOC', 'TOCI', 'Link', 'statement', 'word']",['Link'],0.0004916420845624386,1.2671717284030137,0.0006229949500506459,No,"['IN', 'NN', 'NN', 'NNS', ':', ':', ':', ':', ':', ':', ':', ':', ':', ':', ':', ':', ':', ':', ':', ':', ':', ':', ':', ':', ':', ':', ':', ':', ':', 'CD']"
25,4.1 Addition and Subtraction....................................................................................................8,0 10 26 18 0 0,"['TaggedPDF-doc', 'Sect', 'TOC', 'TOCI', 'Link', 'statement', 'word']",['Link'],0.0004916420845624386,1.2671717284030137,0.0006229949500506459,No,"['CD', 'NNP', 'CC', 'NNP', ':', ':', ':', ':', ':', ':', ':', ':', ':', ':', ':', ':', ':', ':', ':', ':', ':', ':', ':', ':', ':', ':', ':', ':', ':', ':', ':', ':', ':', ':', ':', ':', ':', 'CD']"
26,4.2 Compilation and Synthesis................................................................................................18,0 10 26 24 0 0,"['TaggedPDF-doc', 'Sect', 'TOC', 'TOCI', 'Link', 'statement', 'word']",['Link'],0.0004916420845624386,1.2671717284030137,0.0006229949500506459,No,"['CD', 'NNP', 'CC', 'NNP', ':', ':', ':', ':', ':', ':', ':', ':', ':', ':', ':', ':', ':', ':', ':', ':', ':', ':', ':', ':', ':', ':', ':', ':', ':', ':', ':', ':', ':', ':', ':', ':', 'CD']"
27,4.3 Test and verification..........................................................................................................18,0 10 26 25 0 0,"['TaggedPDF-doc', 'Sect', 'TOC', 'TOCI', 'Link', 'statement', 'word']",['Link'],0.0004916420845624386,1.2671717284030137,0.0006229949500506459,No,"['CD', 'NN', 'CC', 'NN', ':', ':', ':', ':', ':', ':', ':', ':', ':', ':', ':', ':', ':', ':', ':', ':', ':', ':', ':', ':', ':', ':', ':', ':', ':', ':', ':', ':', ':', ':', ':', ':', ':', ':', ':', 'CD']"
28,The floating point unit,0 11 3 0,"['TaggedPDF-doc', 'Sect', 'Normal', 'statement', 'word']",{},0.0004916420845624386,1.0910804693473326,0.0005364210763752864,No,"['DT', 'NN', 'NN', 'NN']"
29,floating point unit (FPU),0 11 3 0,"['TaggedPDF-doc', 'Sect', 'Normal', 'statement', 'word']",{},0.0004916420845624386,1.0910804693473326,0.0005364210763752864,No,"['VBG', 'NN', 'NN', ':', 'NNP', ':']"
30,point unit (FPU) implemented,0 11 3 0,"['TaggedPDF-doc', 'Sect', 'Normal', 'statement', 'word']",{},0.0004916420845624386,1.2671717284030137,0.0006229949500506459,No,"['NN', 'NN', ':', 'NNP', ':', 'VBD']"
31,unit (FPU) implemented during,0 11 3 0,"['TaggedPDF-doc', 'Sect', 'Normal', 'statement', 'word']",{},0.0004916420845624386,1.2671717284030137,0.0006229949500506459,No,"['NN', '``', 'NNP', 'NNP', 'VBD', 'IN']"
32,(FPU) implemented during this,0 11 3 0,"['TaggedPDF-doc', 'Sect', 'Normal', 'statement', 'word']",{},0.0004916420845624386,1.2671717284030137,0.0006229949500506459,No,"['NN', 'NNP', 'NNP', 'VBD', 'IN', 'DT']"
33,"implemented during this project,",0 11 3 0,"['TaggedPDF-doc', 'Sect', 'Normal', 'statement', 'word']",{},0.0004916420845624386,1.2671717284030137,0.0006229949500506459,No,"['VBD', 'IN', 'DT', 'NN']"
34,"during this project, is",0 11 3 0,"['TaggedPDF-doc', 'Sect', 'Normal', 'statement', 'word']",{},0.0004916420845624386,1.2671717284030137,0.0006229949500506459,No,"['IN', 'DT', 'NN', ',', 'VBZ']"
35,"this project, is a",0 11 3 0,"['TaggedPDF-doc', 'Sect', 'Normal', 'statement', 'word']",{},0.0004916420845624386,1.2671717284030137,0.0006229949500506459,No,"['DT', 'NN', ',', 'VBZ', 'DT']"
36,"project, is a 32-bit",0 11 3 0,"['TaggedPDF-doc', 'Sect', 'Normal', 'statement', 'word']",{},0.0004916420845624386,1.2671717284030137,0.0006229949500506459,No,"['NN', ',', 'VBZ', 'DT', 'JJ']"
37,is a 32-bit processing,0 11 3 0,"['TaggedPDF-doc', 'Sect', 'Normal', 'statement', 'word']",{},0.0004916420845624386,1.2671717284030137,0.0006229949500506459,No,"['VBZ', 'DT', 'JJ', 'NN']"
38,a 32-bit processing unit,0 11 3 0,"['TaggedPDF-doc', 'Sect', 'Normal', 'statement', 'word']",{},0.0004916420845624386,1.2671717284030137,0.0006229949500506459,No,"['DT', 'JJ', 'NN', 'NN']"
39,32-bit processing unit which,0 11 3 0,"['TaggedPDF-doc', 'Sect', 'Normal', 'statement', 'word']",{},0.0004916420845624386,1.2671717284030137,0.0006229949500506459,No,"['JJ', 'NN', 'NN', 'WDT']"
40,processing unit which allows,0 11 3 0,"['TaggedPDF-doc', 'Sect', 'Normal', 'statement', 'word']",{},0.0004916420845624386,1.2671717284030137,0.0006229949500506459,No,"['NN', 'NN', 'WDT', 'VBZ']"
41,unit which allows arithmetic,0 11 3 0,"['TaggedPDF-doc', 'Sect', 'Normal', 'statement', 'word']",{},0.0004916420845624386,1.2671717284030137,0.0006229949500506459,No,"['NN', 'WDT', 'VBZ', 'JJ']"
42,which allows arithmetic operations,0 11 3 0,"['TaggedPDF-doc', 'Sect', 'Normal', 'statement', 'word']",{},0.0004916420845624386,1.2671717284030137,0.0006229949500506459,No,"['WDT', 'VBZ', 'JJ', 'NNS']"
43,allows arithmetic operations on,0 11 3 0,"['TaggedPDF-doc', 'Sect', 'Normal', 'statement', 'word']",{},0.0004916420845624386,1.2671717284030137,0.0006229949500506459,No,"['NNS', 'JJ', 'NNS', 'IN']"
44,arithmetic operations on floating,0 11 3 0,"['TaggedPDF-doc', 'Sect', 'Normal', 'statement', 'word']",{},0.0004916420845624386,1.2671717284030137,0.0006229949500506459,No,"['JJ', 'NNS', 'IN', 'VBG']"
45,operations on floating point,0 11 3 0,"['TaggedPDF-doc', 'Sect', 'Normal', 'statement', 'word']",{},0.0004916420845624386,1.2671717284030137,0.0006229949500506459,No,"['NNS', 'IN', 'VBG', 'NN']"
46,on floating point numbers,0 11 3 0,"['TaggedPDF-doc', 'Sect', 'Normal', 'statement', 'word']",{},0.0014749262536873156,1.2671717284030137,0.0018689848501519375,No,"['IN', 'NN', 'NN', 'NNS']"
47,The FPU complies fully,0 11 3 1,"['TaggedPDF-doc', 'Sect', 'Normal', 'statement', 'word']",{},0.0004916420845624386,1.2671717284030137,0.0006229949500506459,No,"['DT', 'NNP', 'VBZ', 'RB']"
48,FPU complies fully with,0 11 3 1,"['TaggedPDF-doc', 'Sect', 'Normal', 'statement', 'word']",{},0.0009832841691248771,1.2671717284030137,0.0012459899001012918,No,"['NNP', 'NNS', 'RB', 'IN']"
49,complies fully with the,0 11 3 1,"['TaggedPDF-doc', 'Sect', 'Normal', 'statement', 'word']",{},0.0004916420845624386,1.2671717284030137,0.0006229949500506459,No,"['NNS', 'RB', 'IN', 'DT']"
50,fully with the IEEE,0 11 3 1,"['TaggedPDF-doc', 'Sect', 'Normal', 'statement', 'word']",{},0.0004916420845624386,1.2671717284030137,0.0006229949500506459,No,"['RB', 'IN', 'DT', 'NNP']"
51,with the IEEE 754,0 11 3 1,"['TaggedPDF-doc', 'Sect', 'Normal', 'statement', 'word']",{},0.0004916420845624386,0.7900504736833514,0.0003884220617912249,No,"['IN', 'DT', 'NNP', 'CD']"
52,the IEEE 754 Standard,0 11 3 1,"['TaggedPDF-doc', 'Sect', 'Normal', 'statement', 'word']",{},0.0004916420845624386,1.0910804693473326,0.0005364210763752864,No,"['DT', 'NNP', 'CD', 'NNP']"
53,IEEE 754 Standard [1],0 11 3 1,"['TaggedPDF-doc', 'Sect', 'Normal', 'statement', 'word']",{},0.0004916420845624386,1.2671717284030137,0.0006229949500506459,No,"['NNP', 'CD', 'NNP', 'NNP', 'CD', 'CD']"
54,The FPU supports the,0 11 4 0,"['TaggedPDF-doc', 'Sect', 'Normal', 'statement', 'word']",{},0.0004916420845624386,1.0910804693473326,0.0005364210763752864,No,"['DT', 'NNP', 'VBZ', 'DT']"
55,FPU supports the following,0 11 4 0,"['TaggedPDF-doc', 'Sect', 'Normal', 'statement', 'word']",{},0.0004916420845624386,1.0910804693473326,0.0005364210763752864,No,"['NNP', 'NNS', 'DT', 'VBG']"
56,supports the following arithmetic,0 11 4 0,"['TaggedPDF-doc', 'Sect', 'Normal', 'statement', 'word']",{},0.0004916420845624386,1.2671717284030137,0.0006229949500506459,No,"['NNS', 'DT', 'VBG', 'JJ']"
57,the following arithmetic operations:,0 11 4 0,"['TaggedPDF-doc', 'Sect', 'Normal', 'statement', 'word']",{},0.0004916420845624386,1.2671717284030137,0.0006229949500506459,No,"['DT', 'VBG', 'JJ', 'NN']"
58,For each operation the,0 11 8 0,"['TaggedPDF-doc', 'Sect', 'Normal', 'statement', 'word']",{},0.0004916420845624386,1.2671717284030137,0.0006229949500506459,No,"['IN', 'DT', 'NN', 'DT']"
59,each operation the following,0 11 8 0,"['TaggedPDF-doc', 'Sect', 'Normal', 'statement', 'word']",{},0.0004916420845624386,1.2671717284030137,0.0006229949500506459,No,"['DT', 'NN', 'DT', 'VBG']"
60,operation the following rounding,0 11 8 0,"['TaggedPDF-doc', 'Sect', 'Normal', 'statement', 'word']",{},0.0004916420845624386,1.2671717284030137,0.0006229949500506459,No,"['NN', 'DT', 'VBG', 'NN']"
61,the following rounding modes,0 11 8 0,"['TaggedPDF-doc', 'Sect', 'Normal', 'statement', 'word']",{},0.0004916420845624386,1.2671717284030137,0.0006229949500506459,No,"['DT', 'VBG', 'NN', 'NNS']"
62,following rounding modes are,0 11 8 0,"['TaggedPDF-doc', 'Sect', 'Normal', 'statement', 'word']",{},0.0004916420845624386,1.2671717284030137,0.0006229949500506459,No,"['VBG', 'NN', 'NNS', 'VBP']"
63,rounding modes are supported:,0 11 8 0,"['TaggedPDF-doc', 'Sect', 'Normal', 'statement', 'word']",{},0.0004916420845624386,1.2671717284030137,0.0006229949500506459,No,"['VBG', 'NNS', 'VBP', 'JJ']"
64,Round to nearest even,0 11 10 0 0 1,"['TaggedPDF-doc', 'Sect', 'L', 'LI', 'LBody', 'statement', 'word']",{},0.0014749262536873156,0.8692317197309762,0.0012820526839689916,No,"['NN', 'TO', 'VB', 'RB']"
65,The FPU was written,0 11 13 0,"['TaggedPDF-doc', 'Sect', 'Normal', 'statement', 'word']",{},0.0004916420845624386,1.2671717284030137,0.0006229949500506459,No,"['DT', 'NNP', 'VBD', 'VBN']"
66,FPU was written in,0 11 13 0,"['TaggedPDF-doc', 'Sect', 'Normal', 'statement', 'word']",{},0.0004916420845624386,1.2671717284030137,0.0006229949500506459,No,"['NNP', 'VBD', 'VBN', 'IN']"
67,was written in VHDL,0 11 13 0,"['TaggedPDF-doc', 'Sect', 'Normal', 'statement', 'word']",{},0.0004916420845624386,1.2671717284030137,0.0006229949500506459,No,"['VBD', 'VBN', 'IN', 'NNP']"
68,written in VHDL with,0 11 13 0,"['TaggedPDF-doc', 'Sect', 'Normal', 'statement', 'word']",{},0.0004916420845624386,1.2671717284030137,0.0006229949500506459,No,"['VBN', 'IN', 'NNP', 'IN']"
69,in VHDL with top,0 11 13 0,"['TaggedPDF-doc', 'Sect', 'Normal', 'statement', 'word']",{},0.0004916420845624386,1.2671717284030137,0.0006229949500506459,No,"['IN', 'NNP', 'IN', 'JJ']"
70,VHDL with top priority,0 11 13 0,"['TaggedPDF-doc', 'Sect', 'Normal', 'statement', 'word']",{},0.0004916420845624386,1.2671717284030137,0.0006229949500506459,No,"['NNP', 'IN', 'JJ', 'NN']"
71,with top priority to,0 11 13 0,"['TaggedPDF-doc', 'Sect', 'Normal', 'statement', 'word']",{},0.0004916420845624386,1.2671717284030137,0.0006229949500506459,No,"['IN', 'JJ', 'NN', 'TO']"
72,top priority to be,0 11 13 0,"['TaggedPDF-doc', 'Sect', 'Normal', 'statement', 'word']",{},0.0004916420845624386,1.2671717284030137,0.0006229949500506459,No,"['JJ', 'NN', 'TO', 'VB']"
73,priority to be able,0 11 13 0,"['TaggedPDF-doc', 'Sect', 'Normal', 'statement', 'word']",{},0.0004916420845624386,1.2671717284030137,0.0006229949500506459,No,"['NN', 'TO', 'VB', 'JJ']"
74,to be able to,0 11 13 0,"['TaggedPDF-doc', 'Sect', 'Normal', 'statement', 'word']",{},0.0004916420845624386,1.2671717284030137,0.0006229949500506459,No,"['TO', 'VB', 'JJ', 'TO']"
75,be able to run,0 11 13 0,"['TaggedPDF-doc', 'Sect', 'Normal', 'statement', 'word']",{},0.0004916420845624386,1.2671717284030137,0.0006229949500506459,No,"['VB', 'JJ', 'TO', 'VB']"
76,able to run at,0 11 13 0,"['TaggedPDF-doc', 'Sect', 'Normal', 'statement', 'word']",{},0.0004916420845624386,1.2671717284030137,0.0006229949500506459,No,"['JJ', 'TO', 'VB', 'IN']"
77,to run at approximately,0 11 13 0,"['TaggedPDF-doc', 'Sect', 'Normal', 'statement', 'word']",{},0.0004916420845624386,1.2671717284030137,0.0006229949500506459,No,"['TO', 'VBN', 'IN', 'RB']"
78,run at approximately 100-MHz,0 11 13 0,"['TaggedPDF-doc', 'Sect', 'Normal', 'statement', 'word']",{},0.0004916420845624386,1.2671717284030137,0.0006229949500506459,No,"['NN', 'IN', 'RB', 'CD']"
79,at approximately 100-MHz and,0 11 13 0,"['TaggedPDF-doc', 'Sect', 'Normal', 'statement', 'word']",{},0.0004916420845624386,1.2671717284030137,0.0006229949500506459,No,"['IN', 'RB', 'CD', 'CC']"
80,approximately 100-MHz and at,0 11 13 0,"['TaggedPDF-doc', 'Sect', 'Normal', 'statement', 'word']",{},0.0004916420845624386,1.2671717284030137,0.0006229949500506459,No,"['RB', 'CD', 'CC', 'IN']"
81,100-MHz and at the,0 11 13 0,"['TaggedPDF-doc', 'Sect', 'Normal', 'statement', 'word']",{},0.0004916420845624386,1.2671717284030137,0.0006229949500506459,No,"['CD', 'CC', 'IN', 'DT']"
82,and at the same,0 11 13 0,"['TaggedPDF-doc', 'Sect', 'Normal', 'statement', 'word']",{},0.0009832841691248771,1.2671717284030137,0.0012459899001012918,No,"['CC', 'IN', 'DT', 'JJ']"
83,at the same time,0 11 13 0,"['TaggedPDF-doc', 'Sect', 'Normal', 'statement', 'word']",{},0.0019665683382497543,1.0910804693473326,0.0021456843055011458,No,"['IN', 'DT', 'JJ', 'NN']"
84,the same time as,0 11 13 0,"['TaggedPDF-doc', 'Sect', 'Normal', 'statement', 'word']",{},0.0004916420845624386,1.2671717284030137,0.0006229949500506459,No,"['DT', 'JJ', 'NN', 'IN']"
85,same time as small,0 11 13 0,"['TaggedPDF-doc', 'Sect', 'Normal', 'statement', 'word']",{},0.0004916420845624386,1.2671717284030137,0.0006229949500506459,No,"['JJ', 'NN', 'IN', 'JJ']"
86,time as small as,0 11 13 0,"['TaggedPDF-doc', 'Sect', 'Normal', 'statement', 'word']",{},0.0004916420845624386,1.2671717284030137,0.0006229949500506459,No,"['NN', 'IN', 'JJ', 'IN']"
87,as small as possible,0 11 13 0,"['TaggedPDF-doc', 'Sect', 'Normal', 'statement', 'word']",{},0.0004916420845624386,1.2671717284030137,0.0006229949500506459,No,"['IN', 'JJ', 'IN', 'JJ']"
88,Meeting both goals at,0 11 13 1,"['TaggedPDF-doc', 'Sect', 'Normal', 'statement', 'word']",{},0.0004916420845624386,1.2671717284030137,0.0006229949500506459,No,"['VBG', 'DT', 'NNS', 'IN']"
89,both goals at the,0 11 13 1,"['TaggedPDF-doc', 'Sect', 'Normal', 'statement', 'word']",{},0.0004916420845624386,1.2671717284030137,0.0006229949500506459,No,"['DT', 'NNS', 'IN', 'DT']"
90,goals at the same,0 11 13 1,"['TaggedPDF-doc', 'Sect', 'Normal', 'statement', 'word']",{},0.0004916420845624386,1.2671717284030137,0.0006229949500506459,No,"['NNS', 'IN', 'DT', 'JJ']"
91,at the same time,0 11 13 1,"['TaggedPDF-doc', 'Sect', 'Normal', 'statement', 'word']",{},0.0019665683382497543,1.0910804693473326,0.0021456843055011458,No,"['IN', 'DT', 'JJ', 'NN']"
92,the same time was,0 11 13 1,"['TaggedPDF-doc', 'Sect', 'Normal', 'statement', 'word']",{},0.0004916420845624386,1.2671717284030137,0.0006229949500506459,No,"['DT', 'JJ', 'NN', 'VBD']"
93,same time was very,0 11 13 1,"['TaggedPDF-doc', 'Sect', 'Normal', 'statement', 'word']",{},0.0004916420845624386,1.2671717284030137,0.0006229949500506459,No,"['JJ', 'NN', 'VBD', 'RB']"
94,time was very difficult,0 11 13 1,"['TaggedPDF-doc', 'Sect', 'Normal', 'statement', 'word']",{},0.0004916420845624386,1.2671717284030137,0.0006229949500506459,No,"['NN', 'VBD', 'RB', 'JJ']"
95,was very difficult and,0 11 13 1,"['TaggedPDF-doc', 'Sect', 'Normal', 'statement', 'word']",{},0.0004916420845624386,1.2671717284030137,0.0006229949500506459,No,"['VBD', 'RB', 'JJ', 'CC']"
96,very difficult and tradeoffs,0 11 13 1,"['TaggedPDF-doc', 'Sect', 'Normal', 'statement', 'word']",{},0.0004916420845624386,1.2671717284030137,0.0006229949500506459,No,"['RB', 'JJ', 'CC', 'NNS']"
97,difficult and tradeoffs were,0 11 13 1,"['TaggedPDF-doc', 'Sect', 'Normal', 'statement', 'word']",{},0.0004916420845624386,1.2671717284030137,0.0006229949500506459,No,"['NN', 'CC', 'NNS', 'VBD']"
98,and tradeoffs were made,0 11 13 1,"['TaggedPDF-doc', 'Sect', 'Normal', 'statement', 'word']",{},0.0004916420845624386,1.2671717284030137,0.0006229949500506459,No,"['CC', 'NNS', 'VBD', 'VBN']"
99,In the following sections,0 11 14 0,"['TaggedPDF-doc', 'Sect', 'Normal', 'statement', 'word']",{},0.0004916420845624386,1.2671717284030137,0.0006229949500506459,No,"['IN', 'DT', 'JJ', 'NNS']"
100,the following sections I,0 11 14 0,"['TaggedPDF-doc', 'Sect', 'Normal', 'statement', 'word']",{},0.0004916420845624386,1.2671717284030137,0.0006229949500506459,No,"['DT', 'VBG', 'NNS', 'PRP']"
101,following sections I will,0 11 14 0,"['TaggedPDF-doc', 'Sect', 'Normal', 'statement', 'word']",{},0.0004916420845624386,1.2671717284030137,0.0006229949500506459,No,"['VBG', 'NNS', 'PRP', 'MD']"
102,sections I will explain,0 11 14 0,"['TaggedPDF-doc', 'Sect', 'Normal', 'statement', 'word']",{},0.0004916420845624386,1.2671717284030137,0.0006229949500506459,No,"['NNS', 'PRP', 'MD', 'VB']"
103,I will explain the,0 11 14 0,"['TaggedPDF-doc', 'Sect', 'Normal', 'statement', 'word']",{},0.0004916420845624386,1.2671717284030137,0.0006229949500506459,No,"['PRP', 'MD', 'VB', 'DT']"
104,will explain the theory,0 11 14 0,"['TaggedPDF-doc', 'Sect', 'Normal', 'statement', 'word']",{},0.0004916420845624386,1.2671717284030137,0.0006229949500506459,No,"['MD', 'VB', 'DT', 'NN']"
105,explain the theory behind,0 11 14 0,"['TaggedPDF-doc', 'Sect', 'Normal', 'statement', 'word']",{},0.0004916420845624386,1.2671717284030137,0.0006229949500506459,No,"['NN', 'DT', 'NN', 'IN']"
106,the theory behind the,0 11 14 0,"['TaggedPDF-doc', 'Sect', 'Normal', 'statement', 'word']",{},0.0004916420845624386,1.2671717284030137,0.0006229949500506459,No,"['DT', 'NN', 'IN', 'DT']"
107,theory behind the FPU,0 11 14 0,"['TaggedPDF-doc', 'Sect', 'Normal', 'statement', 'word']",{},0.0004916420845624386,1.2671717284030137,0.0006229949500506459,No,"['NN', 'IN', 'DT', 'NNP']"
108,behind the FPU core,0 11 14 0,"['TaggedPDF-doc', 'Sect', 'Normal', 'statement', 'word']",{},0.0004916420845624386,1.2671717284030137,0.0006229949500506459,No,"['IN', 'DT', 'NNP', 'NN']"
109,the FPU core and,0 11 14 0,"['TaggedPDF-doc', 'Sect', 'Normal', 'statement', 'word']",{},0.0004916420845624386,1.2671717284030137,0.0006229949500506459,No,"['DT', 'NNP', 'NN', 'CC']"
110,FPU core and describe,0 11 14 0,"['TaggedPDF-doc', 'Sect', 'Normal', 'statement', 'word']",{},0.0004916420845624386,1.2671717284030137,0.0006229949500506459,No,"['NNP', 'VBD', 'CC', 'VB']"
111,core and describe its,0 11 14 0,"['TaggedPDF-doc', 'Sect', 'Normal', 'statement', 'word']",{},0.0004916420845624386,1.2671717284030137,0.0006229949500506459,No,"['NN', 'CC', 'VB', 'PRP$']"
112,and describe its implementation,0 11 14 0,"['TaggedPDF-doc', 'Sect', 'Normal', 'statement', 'word']",{},0.0004916420845624386,1.2671717284030137,0.0006229949500506459,No,"['CC', 'VBP', 'PRP$', 'NN']"
113,describe its implementation on,0 11 14 0,"['TaggedPDF-doc', 'Sect', 'Normal', 'statement', 'word']",{},0.0004916420845624386,1.2671717284030137,0.0006229949500506459,No,"['NN', 'PRP$', 'NN', 'IN']"
114,its implementation on hardware,0 11 14 0,"['TaggedPDF-doc', 'Sect', 'Normal', 'statement', 'word']",{},0.0004916420845624386,1.2671717284030137,0.0006229949500506459,No,"['PRP$', 'NN', 'IN', 'NN']"
115,The floating-point representation is,0 11 36 0,"['TaggedPDF-doc', 'Sect', 'Normal', 'statement', 'word']",{},0.0004916420845624386,1.2671717284030137,0.0006229949500506459,No,"['DT', 'JJ', 'NN', 'VBZ']"
116,floating-point representation is one,0 11 36 0,"['TaggedPDF-doc', 'Sect', 'Normal', 'statement', 'word']",{},0.0004916420845624386,1.2671717284030137,0.0006229949500506459,No,"['JJ', 'NN', 'VBZ', 'CD']"
117,representation is one way,0 11 36 0,"['TaggedPDF-doc', 'Sect', 'Normal', 'statement', 'word']",{},0.0004916420845624386,1.2671717284030137,0.0006229949500506459,No,"['NN', 'VBZ', 'CD', 'NN']"
118,is one way to,0 11 36 0,"['TaggedPDF-doc', 'Sect', 'Normal', 'statement', 'word']",{},0.0004916420845624386,1.2671717284030137,0.0006229949500506459,No,"['VBZ', 'CD', 'NN', 'TO']"
119,one way to represent,0 11 36 0,"['TaggedPDF-doc', 'Sect', 'Normal', 'statement', 'word']",{},0.0004916420845624386,1.2671717284030137,0.0006229949500506459,No,"['CD', 'NN', 'TO', 'VB']"
120,way to represent real,0 11 36 0,"['TaggedPDF-doc', 'Sect', 'Normal', 'statement', 'word']",{},0.0009832841691248771,1.2671717284030137,0.0012459899001012918,No,"['NN', 'TO', 'VB', 'JJ']"
121,to represent real numbers,0 11 36 0,"['TaggedPDF-doc', 'Sect', 'Normal', 'statement', 'word']",{},0.0009832841691248771,1.2671717284030137,0.0012459899001012918,No,"['TO', 'VB', 'JJ', 'NNS']"
122,A floating-point number n,0 11 36 1,"['TaggedPDF-doc', 'Sect', 'Normal', 'statement', 'word']",{},0.0004916420845624386,1.2671717284030137,0.0006229949500506459,No,"['DT', 'JJ', 'NN', 'NN']"
123,floating-point number n is,0 11 36 1,"['TaggedPDF-doc', 'Sect', 'Normal', 'statement', 'word']",{},0.0004916420845624386,1.2671717284030137,0.0006229949500506459,No,"['JJ', 'NN', 'NN', 'VBZ']"
124,number n is represented,0 11 36 1,"['TaggedPDF-doc', 'Sect', 'Normal', 'statement', 'word']",{},0.0004916420845624386,1.2671717284030137,0.0006229949500506459,No,"['NN', 'VBD', 'VBZ', 'VBN']"
125,n is represented with,0 11 36 1,"['TaggedPDF-doc', 'Sect', 'Normal', 'statement', 'word']",{},0.0004916420845624386,1.2671717284030137,0.0006229949500506459,No,"['NN', 'VBZ', 'VBN', 'IN']"
126,is represented with an,0 11 36 1,"['TaggedPDF-doc', 'Sect', 'Normal', 'statement', 'word']",{},0.0004916420845624386,1.0910804693473326,0.0005364210763752864,No,"['VBZ', 'VBN', 'IN', 'DT']"
127,represented with an exponent,0 11 36 1,"['TaggedPDF-doc', 'Sect', 'Normal', 'statement', 'word']",{},0.0004916420845624386,1.0910804693473326,0.0005364210763752864,No,"['VBD', 'IN', 'DT', 'NN']"
128,with an exponent e,0 11 36 1,"['TaggedPDF-doc', 'Sect', 'Normal', 'statement', 'word']",{},0.0004916420845624386,1.2671717284030137,0.0006229949500506459,No,"['IN', 'DT', 'NN', 'NN']"
129,an exponent e and,0 11 36 1,"['TaggedPDF-doc', 'Sect', 'Normal', 'statement', 'word']",{},0.0004916420845624386,1.2671717284030137,0.0006229949500506459,No,"['DT', 'NN', 'NN', 'CC']"
130,exponent e and a,0 11 36 1,"['TaggedPDF-doc', 'Sect', 'Normal', 'statement', 'word']",{},0.0004916420845624386,1.2671717284030137,0.0006229949500506459,No,"['NN', 'NN', 'CC', 'DT']"
131,e and a mantissa,0 11 36 1,"['TaggedPDF-doc', 'Sect', 'Normal', 'statement', 'word']",{},0.0004916420845624386,1.2671717284030137,0.0006229949500506459,No,"['NN', 'CC', 'DT', 'NN']"
132,"and a mantissa m,",0 11 36 1,"['TaggedPDF-doc', 'Sect', 'Normal', 'statement', 'word']",{},0.0004916420845624386,1.2671717284030137,0.0006229949500506459,No,"['CC', 'DT', 'NN', 'NN']"
133,"a mantissa m, so",0 11 36 1,"['TaggedPDF-doc', 'Sect', 'Normal', 'statement', 'word']",{},0.0004916420845624386,1.2671717284030137,0.0006229949500506459,No,"['DT', 'NN', 'NN', ',', 'RB']"
134,"mantissa m, so that:",0 11 36 1,"['TaggedPDF-doc', 'Sect', 'Normal', 'statement', 'word']",{},0.0004916420845624386,1.2671717284030137,0.0006229949500506459,No,"['NN', 'NN', ',', 'RB', 'JJ']"
135,"n = be m,",0 11 38 0,"['TaggedPDF-doc', 'Sect', 'Normal', 'statement', 'word']",{},0.0004916420845624386,1.2671717284030137,0.0006229949500506459,No,"['NN', '``', 'VB', 'JJ']"
136,"= be m, where",0 11 38 0,"['TaggedPDF-doc', 'Sect', 'Normal', 'statement', 'word']",{},0.0004916420845624386,1.2671717284030137,0.0006229949500506459,No,"['NN', 'VB', 'NN', ',', 'WRB']"
137,"be m, where b",0 11 38 0,"['TaggedPDF-doc', 'Sect', 'Normal', 'statement', 'word']",{},0.0004916420845624386,1.2671717284030137,0.0006229949500506459,No,"['VB', 'VBN', ',', 'WRB', 'NN']"
138,"m, where b is",0 11 38 0,"['TaggedPDF-doc', 'Sect', 'Normal', 'statement', 'word']",{},0.0004916420845624386,1.2671717284030137,0.0006229949500506459,No,"['NN', ',', 'WRB', 'NN', 'VBZ']"
139,where b is the,0 11 38 0,"['TaggedPDF-doc', 'Sect', 'Normal', 'statement', 'word']",{},0.0004916420845624386,1.2671717284030137,0.0006229949500506459,No,"['WRB', 'NN', 'VBZ', 'DT']"
140,b is the base,0 11 38 0,"['TaggedPDF-doc', 'Sect', 'Normal', 'statement', 'word']",{},0.0004916420845624386,1.2671717284030137,0.0006229949500506459,No,"['LS', 'VBZ', 'DT', 'NN']"
141,is the base number,0 11 38 0,"['TaggedPDF-doc', 'Sect', 'Normal', 'statement', 'word']",{},0.0004916420845624386,1.2671717284030137,0.0006229949500506459,No,"['VBZ', 'DT', 'NN', 'NN']"
142,the base number (also,0 11 38 0,"['TaggedPDF-doc', 'Sect', 'Normal', 'statement', 'word']",{},0.0004916420845624386,1.2671717284030137,0.0006229949500506459,No,"['DT', 'NN', 'NN', ':', 'RB']"
143,base number (also called,0 11 38 0,"['TaggedPDF-doc', 'Sect', 'Normal', 'statement', 'word']",{},0.0004916420845624386,1.2671717284030137,0.0006229949500506459,No,"['NN', 'NN', ':', 'RB', 'VBN']"
144,number (also called radix),0 11 38 0,"['TaggedPDF-doc', 'Sect', 'Normal', 'statement', 'word']",{},0.0004916420845624386,1.2671717284030137,0.0006229949500506459,No,"['NN', '``', 'RB', 'VBN', 'NN', ':']"
145,"So for example, if",0 11 40 0,"['TaggedPDF-doc', 'Sect', 'Normal', 'statement', 'word']",{},0.0004916420845624386,1.2671717284030137,0.0006229949500506459,No,"['IN', 'IN', 'NN', ',', 'IN']"
146,"for example, if we",0 11 40 0,"['TaggedPDF-doc', 'Sect', 'Normal', 'statement', 'word']",{},0.0004916420845624386,1.2671717284030137,0.0006229949500506459,No,"['IN', 'NN', ',', 'IN', 'PRP']"
147,"example, if we choose",0 11 40 0,"['TaggedPDF-doc', 'Sect', 'Normal', 'statement', 'word']",{},0.0004916420845624386,1.2671717284030137,0.0006229949500506459,No,"['NN', ',', 'IN', 'PRP', 'VBP']"
148,if we choose the,0 11 40 0,"['TaggedPDF-doc', 'Sect', 'Normal', 'statement', 'word']",{},0.0004916420845624386,1.2671717284030137,0.0006229949500506459,No,"['IN', 'PRP', 'VBP', 'DT']"
149,we choose the number,0 11 40 0,"['TaggedPDF-doc', 'Sect', 'Normal', 'statement', 'word']",{},0.0004916420845624386,1.2671717284030137,0.0006229949500506459,No,"['PRP', 'VBP', 'DT', 'NN']"
150,choose the number n=17,0 11 40 0,"['TaggedPDF-doc', 'Sect', 'Normal', 'statement', 'word']",{},0.0004916420845624386,1.2671717284030137,0.0006229949500506459,No,"['NN', 'DT', 'NN', '-NONE-']"
151,the number n=17 and,0 11 40 0,"['TaggedPDF-doc', 'Sect', 'Normal', 'statement', 'word']",{},0.0004916420845624386,1.2671717284030137,0.0006229949500506459,No,"['DT', 'NN', '-NONE-', 'CC']"
152,number n=17 and the,0 11 40 0,"['TaggedPDF-doc', 'Sect', 'Normal', 'statement', 'word']",{},0.0004916420845624386,1.2671717284030137,0.0006229949500506459,No,"['NN', '-NONE-', 'CC', 'DT']"
153,n=17 and the base,0 11 40 0,"['TaggedPDF-doc', 'Sect', 'Normal', 'statement', 'word']",{},0.0004916420845624386,1.2671717284030137,0.0006229949500506459,No,"['NN', 'CC', 'DT', 'NN']"
154,"and the base b=10,",0 11 40 0,"['TaggedPDF-doc', 'Sect', 'Normal', 'statement', 'word']",{},0.0004916420845624386,1.2671717284030137,0.0006229949500506459,No,"['CC', 'DT', 'NN', 'NN']"
155,"the base b=10, the",0 11 40 0,"['TaggedPDF-doc', 'Sect', 'Normal', 'statement', 'word']",{},0.0004916420845624386,1.2671717284030137,0.0006229949500506459,No,"['DT', 'NN', '-NONE-', ',', 'DT']"
156,"base b=10, the floating-point",0 11 40 0,"['TaggedPDF-doc', 'Sect', 'Normal', 'statement', 'word']",{},0.0004916420845624386,1.2671717284030137,0.0006229949500506459,No,"['NN', '-NONE-', ',', 'DT', 'JJ']"
157,"b=10, the floating-point representation",0 11 40 0,"['TaggedPDF-doc', 'Sect', 'Normal', 'statement', 'word']",{},0.0004916420845624386,1.2671717284030137,0.0006229949500506459,No,"['-NONE-', ',', 'DT', 'JJ', 'NN']"
158,the floating-point representation of,0 11 40 0,"['TaggedPDF-doc', 'Sect', 'Normal', 'statement', 'word']",{},0.0004916420845624386,1.2671717284030137,0.0006229949500506459,No,"['DT', 'JJ', 'NN', 'IN']"
159,floating-point representation of 17,0 11 40 0,"['TaggedPDF-doc', 'Sect', 'Normal', 'statement', 'word']",{},0.0004916420845624386,1.2671717284030137,0.0006229949500506459,No,"['JJ', 'NN', 'IN', 'CD']"
160,representation of 17 would,0 11 40 0,"['TaggedPDF-doc', 'Sect', 'Normal', 'statement', 'word']",{},0.0004916420845624386,1.2671717284030137,0.0006229949500506459,No,"['NN', 'IN', 'CD', 'MD']"
161,of 17 would be:,0 11 40 0,"['TaggedPDF-doc', 'Sect', 'Normal', 'statement', 'word']",{},0.0004916420845624386,1.2671717284030137,0.0006229949500506459,No,"['IN', 'CD', 'MD', 'VB']"
162,17 = 101 x,0 11 42 0,"['TaggedPDF-doc', 'Sect', 'Normal', 'statement', 'word']",{},0.0004916420845624386,1.2671717284030137,0.0006229949500506459,No,"['CD', '``', 'CD', 'NN']"
163,= 101 x 1.7,0 11 42 0,"['TaggedPDF-doc', 'Sect', 'Normal', 'statement', 'word']",{},0.0004916420845624386,1.2671717284030137,0.0006229949500506459,No,"['NN', 'CD', 'NN', 'CD']"
164,Another way to represent,0 11 44 0,"['TaggedPDF-doc', 'Sect', 'Normal', 'statement', 'word']",{},0.0004916420845624386,1.2671717284030137,0.0006229949500506459,No,"['DT', 'NN', 'TO', 'VB']"
165,way to represent real,0 11 44 0,"['TaggedPDF-doc', 'Sect', 'Normal', 'statement', 'word']",{},0.0009832841691248771,1.2671717284030137,0.0012459899001012918,No,"['NN', 'TO', 'VB', 'JJ']"
166,to represent real numbers,0 11 44 0,"['TaggedPDF-doc', 'Sect', 'Normal', 'statement', 'word']",{},0.0009832841691248771,1.2671717284030137,0.0012459899001012918,No,"['TO', 'VB', 'JJ', 'NNS']"
167,represent real numbers is,0 11 44 0,"['TaggedPDF-doc', 'Sect', 'Normal', 'statement', 'word']",{},0.0004916420845624386,1.2671717284030137,0.0006229949500506459,No,"['NN', 'JJ', 'NNS', 'VBZ']"
168,real numbers is to,0 11 44 0,"['TaggedPDF-doc', 'Sect', 'Normal', 'statement', 'word']",{},0.0004916420845624386,1.2671717284030137,0.0006229949500506459,No,"['JJ', 'NNS', 'VBZ', 'TO']"
169,numbers is to use,0 11 44 0,"['TaggedPDF-doc', 'Sect', 'Normal', 'statement', 'word']",{},0.0004916420845624386,1.2671717284030137,0.0006229949500506459,No,"['NNS', 'VBZ', 'TO', 'VB']"
170,is to use fixed-point,0 11 44 0,"['TaggedPDF-doc', 'Sect', 'Normal', 'statement', 'word']",{},0.0004916420845624386,1.2671717284030137,0.0006229949500506459,No,"['VBZ', 'TO', 'VB', 'JJ']"
171,to use fixed-point number,0 11 44 0,"['TaggedPDF-doc', 'Sect', 'Normal', 'statement', 'word']",{},0.0004916420845624386,1.2671717284030137,0.0006229949500506459,No,"['TO', 'VB', 'JJ', 'NN']"
172,use fixed-point number representation,0 11 44 0,"['TaggedPDF-doc', 'Sect', 'Normal', 'statement', 'word']",{},0.0004916420845624386,1.2671717284030137,0.0006229949500506459,No,"['NN', 'NN', 'NN', 'NN']"
173,A fixed-point number with,0 11 44 1,"['TaggedPDF-doc', 'Sect', 'Normal', 'statement', 'word']",{},0.0004916420845624386,1.2671717284030137,0.0006229949500506459,No,"['DT', 'JJ', 'NN', 'IN']"
174,fixed-point number with 4,0 11 44 1,"['TaggedPDF-doc', 'Sect', 'Normal', 'statement', 'word']",{},0.0004916420845624386,1.2671717284030137,0.0006229949500506459,No,"['JJ', 'NN', 'IN', 'CD']"
175,number with 4 digits,0 11 44 1,"['TaggedPDF-doc', 'Sect', 'Normal', 'statement', 'word']",{},0.0004916420845624386,1.2671717284030137,0.0006229949500506459,No,"['NN', 'IN', 'CD', 'NNS']"
176,with 4 digits after,0 11 44 1,"['TaggedPDF-doc', 'Sect', 'Normal', 'statement', 'word']",{},0.0004916420845624386,1.2671717284030137,0.0006229949500506459,No,"['IN', 'CD', 'NNS', 'IN']"
177,4 digits after the,0 11 44 1,"['TaggedPDF-doc', 'Sect', 'Normal', 'statement', 'word']",{},0.0004916420845624386,1.2671717284030137,0.0006229949500506459,No,"['LS', 'NNS', 'IN', 'DT']"
178,digits after the decimal,0 11 44 1,"['TaggedPDF-doc', 'Sect', 'Normal', 'statement', 'word']",{},0.0004916420845624386,1.2671717284030137,0.0006229949500506459,No,"['NNS', 'IN', 'DT', 'JJ']"
179,after the decimal point,0 11 44 1,"['TaggedPDF-doc', 'Sect', 'Normal', 'statement', 'word']",{},0.0004916420845624386,1.2671717284030137,0.0006229949500506459,No,"['IN', 'DT', 'JJ', 'NN']"
180,the decimal point could,0 11 44 1,"['TaggedPDF-doc', 'Sect', 'Normal', 'statement', 'word']",{},0.0004916420845624386,1.2671717284030137,0.0006229949500506459,No,"['DT', 'JJ', 'NN', 'MD']"
181,decimal point could be,0 11 44 1,"['TaggedPDF-doc', 'Sect', 'Normal', 'statement', 'word']",{},0.0004916420845624386,1.2671717284030137,0.0006229949500506459,No,"['JJ', 'NN', 'MD', 'VB']"
182,point could be used,0 11 44 1,"['TaggedPDF-doc', 'Sect', 'Normal', 'statement', 'word']",{},0.0004916420845624386,1.2671717284030137,0.0006229949500506459,No,"['NN', 'MD', 'VB', 'VBN']"
183,could be used to,0 11 44 1,"['TaggedPDF-doc', 'Sect', 'Normal', 'statement', 'word']",{},0.0004916420845624386,0.9661417327390326,0.0004749959354665844,No,"['MD', 'VB', 'VBN', 'TO']"
184,be used to represent,0 11 44 1,"['TaggedPDF-doc', 'Sect', 'Normal', 'statement', 'word']",{},0.0004916420845624386,1.2671717284030137,0.0006229949500506459,No,"['VB', 'VBN', 'TO', 'VB']"
185,used to represent numbers,0 11 44 1,"['TaggedPDF-doc', 'Sect', 'Normal', 'statement', 'word']",{},0.0009832841691248771,1.2671717284030137,0.0012459899001012918,No,"['VBD', 'TO', 'VB', 'NNS']"
186,to represent numbers such,0 11 44 1,"['TaggedPDF-doc', 'Sect', 'Normal', 'statement', 'word']",{},0.0004916420845624386,1.2671717284030137,0.0006229949500506459,No,"['TO', 'VB', 'NNS', 'JJ']"
187,represent numbers such as:,0 11 44 1,"['TaggedPDF-doc', 'Sect', 'Normal', 'statement', 'word']",{},0.0004916420845624386,1.2671717284030137,0.0006229949500506459,No,"['NN', 'NNS', 'JJ', 'JJ']"
188,"numbers such as: 1.0001,",0 11 44 1,"['TaggedPDF-doc', 'Sect', 'Normal', 'statement', 'word']",{},0.0004916420845624386,1.2671717284030137,0.0006229949500506459,No,"['NNS', 'JJ', 'IN', ':', 'CD']"
189,"such as: 1.0001, 12.1019,",0 11 44 1,"['TaggedPDF-doc', 'Sect', 'Normal', 'statement', 'word']",{},0.0004916420845624386,1.2671717284030137,0.0006229949500506459,No,"['JJ', 'IN', ':', 'CD', ',', 'CD']"
190,"as: 1.0001, 12.1019, 34.0000,",0 11 44 1,"['TaggedPDF-doc', 'Sect', 'Normal', 'statement', 'word']",{},0.0004916420845624386,1.2671717284030137,0.0006229949500506459,No,"['IN', ':', 'CD', ',', 'CD', ',', 'CD']"
191,"1.0001, 12.1019, 34.0000, etc",0 11 44 1,"['TaggedPDF-doc', 'Sect', 'Normal', 'statement', 'word']",{},0.0004916420845624386,1.2671717284030137,0.0006229949500506459,No,"['CD', ',', 'CD', ',', 'CD', ',', 'NN']"
192,Both representations are used,0 11 44 2,"['TaggedPDF-doc', 'Sect', 'Normal', 'statement', 'word']",{},0.0004916420845624386,1.2671717284030137,0.0006229949500506459,No,"['DT', 'NNS', 'VBP', 'VBN']"
193,representations are used depending,0 11 44 2,"['TaggedPDF-doc', 'Sect', 'Normal', 'statement', 'word']",{},0.0004916420845624386,1.2671717284030137,0.0006229949500506459,No,"['NNS', 'VBP', 'VBN', 'VBG']"
194,are used depending on,0 11 44 2,"['TaggedPDF-doc', 'Sect', 'Normal', 'statement', 'word']",{},0.0004916420845624386,1.2671717284030137,0.0006229949500506459,No,"['VBP', 'VBN', 'VBG', 'IN']"
195,used depending on the,0 11 44 2,"['TaggedPDF-doc', 'Sect', 'Normal', 'statement', 'word']",{},0.0004916420845624386,1.0910804693473326,0.0005364210763752864,No,"['VBD', 'VBG', 'IN', 'DT']"
196,depending on the situation,0 11 44 2,"['TaggedPDF-doc', 'Sect', 'Normal', 'statement', 'word']",{},0.0004916420845624386,1.2671717284030137,0.0006229949500506459,No,"['VBG', 'IN', 'DT', 'NN']"
197,For the implementation on,0 11 44 3,"['TaggedPDF-doc', 'Sect', 'Normal', 'statement', 'word']",{},0.0004916420845624386,1.2671717284030137,0.0006229949500506459,No,"['IN', 'DT', 'NN', 'IN']"
198,"the implementation on hardware,",0 11 44 3,"['TaggedPDF-doc', 'Sect', 'Normal', 'statement', 'word']",{},0.0004916420845624386,1.2671717284030137,0.0006229949500506459,No,"['DT', 'NN', 'IN', 'NNP']"
199,"implementation on hardware, the",0 11 44 3,"['TaggedPDF-doc', 'Sect', 'Normal', 'statement', 'word']",{},0.0004916420845624386,1.2671717284030137,0.0006229949500506459,No,"['NN', 'IN', 'NN', ',', 'DT']"
200,"on hardware, the base-2",0 11 44 3,"['TaggedPDF-doc', 'Sect', 'Normal', 'statement', 'word']",{},0.0004916420845624386,1.2671717284030137,0.0006229949500506459,No,"['IN', 'NN', ',', 'DT', '-NONE-']"
201,"hardware, the base-2 exponents",0 11 44 3,"['TaggedPDF-doc', 'Sect', 'Normal', 'statement', 'word']",{},0.0004916420845624386,1.2671717284030137,0.0006229949500506459,No,"['NN', ',', 'DT', '-NONE-', 'VBZ']"
202,the base-2 exponents are,0 11 44 3,"['TaggedPDF-doc', 'Sect', 'Normal', 'statement', 'word']",{},0.0004916420845624386,1.2671717284030137,0.0006229949500506459,No,"['DT', '-NONE-', 'VBZ', 'VBP']"
203,"base-2 exponents are used,",0 11 44 3,"['TaggedPDF-doc', 'Sect', 'Normal', 'statement', 'word']",{},0.0004916420845624386,1.2671717284030137,0.0006229949500506459,No,"['-NONE-', 'NNS', 'VBP', 'JJ']"
204,"exponents are used, since",0 11 44 3,"['TaggedPDF-doc', 'Sect', 'Normal', 'statement', 'word']",{},0.0004916420845624386,1.2671717284030137,0.0006229949500506459,No,"['NNS', 'VBP', 'VBN', ',', 'IN']"
205,"are used, since digital",0 11 44 3,"['TaggedPDF-doc', 'Sect', 'Normal', 'statement', 'word']",{},0.0004916420845624386,1.2671717284030137,0.0006229949500506459,No,"['VBP', 'VBN', ',', 'IN', 'JJ']"
206,"used, since digital systems",0 11 44 3,"['TaggedPDF-doc', 'Sect', 'Normal', 'statement', 'word']",{},0.0004916420845624386,1.2671717284030137,0.0006229949500506459,No,"['VBD', ',', 'IN', 'JJ', 'NNS']"
207,since digital systems work,0 11 44 3,"['TaggedPDF-doc', 'Sect', 'Normal', 'statement', 'word']",{},0.0004916420845624386,1.2671717284030137,0.0006229949500506459,No,"['IN', 'JJ', 'NNS', 'NN']"
208,digital systems work with,0 11 44 3,"['TaggedPDF-doc', 'Sect', 'Normal', 'statement', 'word']",{},0.0004916420845624386,1.2671717284030137,0.0006229949500506459,No,"['JJ', 'NNS', 'NN', 'IN']"
209,systems work with binary,0 11 44 3,"['TaggedPDF-doc', 'Sect', 'Normal', 'statement', 'word']",{},0.0004916420845624386,1.2671717284030137,0.0006229949500506459,No,"['NNS', 'VBP', 'IN', 'JJ']"
210,work with binary numbers,0 11 44 3,"['TaggedPDF-doc', 'Sect', 'Normal', 'statement', 'word']",{},0.0004916420845624386,1.2671717284030137,0.0006229949500506459,No,"['NN', 'IN', 'JJ', 'NNS']"
211,Using base-2 arithmetic brings,0 11 45 0,"['TaggedPDF-doc', 'Sect', 'Normal', 'statement', 'word']",{},0.0004916420845624386,1.2671717284030137,0.0006229949500506459,No,"['VBG', '-NONE-', 'JJ', 'NNS']"
212,base-2 arithmetic brings problems,0 11 45 0,"['TaggedPDF-doc', 'Sect', 'Normal', 'statement', 'word']",{},0.0004916420845624386,1.2671717284030137,0.0006229949500506459,No,"['-NONE-', 'JJ', 'NNS', 'NNS']"
213,arithmetic brings problems with,0 11 45 0,"['TaggedPDF-doc', 'Sect', 'Normal', 'statement', 'word']",{},0.0004916420845624386,1.2671717284030137,0.0006229949500506459,No,"['JJ', 'NNS', 'NNS', 'IN']"
214,"brings problems with it,",0 11 45 0,"['TaggedPDF-doc', 'Sect', 'Normal', 'statement', 'word']",{},0.0004916420845624386,1.2671717284030137,0.0006229949500506459,No,"['NNS', 'NNS', 'IN', 'JJ']"
215,"problems with it, so",0 11 45 0,"['TaggedPDF-doc', 'Sect', 'Normal', 'statement', 'word']",{},0.0004916420845624386,1.2671717284030137,0.0006229949500506459,No,"['NNS', 'IN', 'PRP', ',', 'RB']"
216,"with it, so for",0 11 45 0,"['TaggedPDF-doc', 'Sect', 'Normal', 'statement', 'word']",{},0.0004916420845624386,1.2671717284030137,0.0006229949500506459,No,"['IN', 'PRP', ',', 'RB', 'IN']"
217,"it, so for example",0 11 45 0,"['TaggedPDF-doc', 'Sect', 'Normal', 'statement', 'word']",{},0.0004916420845624386,1.2671717284030137,0.0006229949500506459,No,"['PRP', ',', 'RB', 'IN', 'NN']"
218,so for example fractional,0 11 45 0,"['TaggedPDF-doc', 'Sect', 'Normal', 'statement', 'word']",{},0.0004916420845624386,1.2671717284030137,0.0006229949500506459,No,"['IN', 'IN', 'NN', 'JJ']"
219,for example fractional powers,0 11 45 0,"['TaggedPDF-doc', 'Sect', 'Normal', 'statement', 'word']",{},0.0004916420845624386,1.2671717284030137,0.0006229949500506459,No,"['IN', 'NN', 'JJ', 'NNS']"
220,example fractional powers of,0 11 45 0,"['TaggedPDF-doc', 'Sect', 'Normal', 'statement', 'word']",{},0.0004916420845624386,1.2671717284030137,0.0006229949500506459,No,"['NN', 'JJ', 'NNS', 'IN']"
221,fractional powers of 10,0 11 45 0,"['TaggedPDF-doc', 'Sect', 'Normal', 'statement', 'word']",{},0.0004916420845624386,1.2671717284030137,0.0006229949500506459,No,"['JJ', 'NNS', 'IN', 'CD']"
222,powers of 10 like,0 11 45 0,"['TaggedPDF-doc', 'Sect', 'Normal', 'statement', 'word']",{},0.0004916420845624386,1.2671717284030137,0.0006229949500506459,No,"['NNS', 'IN', 'CD', 'IN']"
223,of 10 like 0.1,0 11 45 0,"['TaggedPDF-doc', 'Sect', 'Normal', 'statement', 'word']",{},0.0004916420845624386,1.2671717284030137,0.0006229949500506459,No,"['IN', 'CD', 'IN', 'CD']"
224,10 like 0.1 or,0 11 45 0,"['TaggedPDF-doc', 'Sect', 'Normal', 'statement', 'word']",{},0.0004916420845624386,1.2671717284030137,0.0006229949500506459,No,"['CD', 'IN', 'CD', 'CC']"
225,like 0.1 or 0.01,0 11 45 0,"['TaggedPDF-doc', 'Sect', 'Normal', 'statement', 'word']",{},0.0004916420845624386,1.2671717284030137,0.0006229949500506459,No,"['IN', 'CD', 'CC', 'CD']"
226,0.1 or 0.01 cannot,0 11 45 0,"['TaggedPDF-doc', 'Sect', 'Normal', 'statement', 'word']",{},0.0004916420845624386,1.2671717284030137,0.0006229949500506459,No,"['CD', 'CC', 'CD', 'MD', 'RB']"
227,or 0.01 cannot exactly,0 11 45 0,"['TaggedPDF-doc', 'Sect', 'Normal', 'statement', 'word']",{},0.0004916420845624386,1.2671717284030137,0.0006229949500506459,No,"['CC', 'CD', 'MD', 'RB', 'RB']"
228,0.01 cannot exactly be,0 11 45 0,"['TaggedPDF-doc', 'Sect', 'Normal', 'statement', 'word']",{},0.0004916420845624386,1.2671717284030137,0.0006229949500506459,No,"['CD', 'MD', 'RB', 'RB', 'VB']"
229,cannot exactly be represented,0 11 45 0,"['TaggedPDF-doc', 'Sect', 'Normal', 'statement', 'word']",{},0.0004916420845624386,1.2671717284030137,0.0006229949500506459,No,"['MD', 'RB', 'RB', 'VB', 'VBN']"
230,exactly be represented with,0 11 45 0,"['TaggedPDF-doc', 'Sect', 'Normal', 'statement', 'word']",{},0.0004916420845624386,1.2671717284030137,0.0006229949500506459,No,"['RB', 'VB', 'VBN', 'IN']"
231,be represented with the,0 11 45 0,"['TaggedPDF-doc', 'Sect', 'Normal', 'statement', 'word']",{},0.0004916420845624386,1.0910804693473326,0.0005364210763752864,No,"['VB', 'VBN', 'IN', 'DT']"
232,represented with the floating-point,0 11 45 0,"['TaggedPDF-doc', 'Sect', 'Normal', 'statement', 'word']",{},0.0004916420845624386,1.2671717284030137,0.0006229949500506459,No,"['VBD', 'IN', 'DT', 'JJ']"
233,"with the floating-point format,",0 11 45 0,"['TaggedPDF-doc', 'Sect', 'Normal', 'statement', 'word']",{},0.0004916420845624386,1.2671717284030137,0.0006229949500506459,No,"['IN', 'DT', 'JJ', 'NN']"
234,"the floating-point format, while",0 11 45 0,"['TaggedPDF-doc', 'Sect', 'Normal', 'statement', 'word']",{},0.0004916420845624386,1.2671717284030137,0.0006229949500506459,No,"['DT', 'JJ', 'NN', ',', 'IN']"
235,"floating-point format, while with",0 11 45 0,"['TaggedPDF-doc', 'Sect', 'Normal', 'statement', 'word']",{},0.0004916420845624386,1.2671717284030137,0.0006229949500506459,No,"['JJ', 'NN', ',', 'IN', 'IN']"
236,"format, while with fixed-point",0 11 45 0,"['TaggedPDF-doc', 'Sect', 'Normal', 'statement', 'word']",{},0.0004916420845624386,1.2671717284030137,0.0006229949500506459,No,"['NN', ',', 'IN', 'IN', 'JJ']"
237,"while with fixed-point format,",0 11 45 0,"['TaggedPDF-doc', 'Sect', 'Normal', 'statement', 'word']",{},0.0004916420845624386,1.2671717284030137,0.0006229949500506459,No,"['IN', 'IN', 'JJ', 'NN']"
238,"with fixed-point format, the",0 11 45 0,"['TaggedPDF-doc', 'Sect', 'Normal', 'statement', 'word']",{},0.0004916420845624386,1.2671717284030137,0.0006229949500506459,No,"['IN', 'JJ', 'NN', ',', 'DT']"
239,"fixed-point format, the decimal",0 11 45 0,"['TaggedPDF-doc', 'Sect', 'Normal', 'statement', 'word']",{},0.0004916420845624386,1.2671717284030137,0.0006229949500506459,No,"['JJ', 'NN', ',', 'DT', 'JJ']"
240,"format, the decimal point",0 11 45 0,"['TaggedPDF-doc', 'Sect', 'Normal', 'statement', 'word']",{},0.0004916420845624386,1.2671717284030137,0.0006229949500506459,No,"['NN', ',', 'DT', 'JJ', 'NN']"
241,the decimal point can,0 11 45 0,"['TaggedPDF-doc', 'Sect', 'Normal', 'statement', 'word']",{},0.0004916420845624386,1.2671717284030137,0.0006229949500506459,No,"['DT', 'JJ', 'NN', 'MD']"
242,decimal point can be,0 11 45 0,"['TaggedPDF-doc', 'Sect', 'Normal', 'statement', 'word']",{},0.0004916420845624386,1.2671717284030137,0.0006229949500506459,No,"['JJ', 'NN', 'MD', 'VB']"
243,point can be thought,0 11 45 0,"['TaggedPDF-doc', 'Sect', 'Normal', 'statement', 'word']",{},0.0004916420845624386,1.2671717284030137,0.0006229949500506459,No,"['NN', 'MD', 'VB', 'VBN']"
244,can be thought away,0 11 45 0,"['TaggedPDF-doc', 'Sect', 'Normal', 'statement', 'word']",{},0.0004916420845624386,1.2671717284030137,0.0006229949500506459,No,"['MD', 'VB', 'VBN', 'RB']"
245,be thought away (provided,0 11 45 0,"['TaggedPDF-doc', 'Sect', 'Normal', 'statement', 'word']",{},0.0004916420845624386,1.2671717284030137,0.0006229949500506459,No,"['VB', 'VBN', 'RB', ':', 'VBN']"
246,thought away (provided the,0 11 45 0,"['TaggedPDF-doc', 'Sect', 'Normal', 'statement', 'word']",{},0.0004916420845624386,1.2671717284030137,0.0006229949500506459,No,"['VBD', 'RB', '.', 'VBN', 'DT']"
247,away (provided the value,0 11 45 0,"['TaggedPDF-doc', 'Sect', 'Normal', 'statement', 'word']",{},0.0004916420845624386,1.2671717284030137,0.0006229949500506459,No,"['RB', 'VBP', 'VBN', 'DT', 'NN']"
248,(provided the value is,0 11 45 0,"['TaggedPDF-doc', 'Sect', 'Normal', 'statement', 'word']",{},0.0004916420845624386,1.2671717284030137,0.0006229949500506459,No,"['NN', 'VBD', 'DT', 'NN', 'VBZ']"
249,the value is within,0 11 45 0,"['TaggedPDF-doc', 'Sect', 'Normal', 'statement', 'word']",{},0.0004916420845624386,1.2671717284030137,0.0006229949500506459,No,"['DT', 'NN', 'VBZ', 'IN']"
250,value is within the,0 11 45 0,"['TaggedPDF-doc', 'Sect', 'Normal', 'statement', 'word']",{},0.0004916420845624386,1.2671717284030137,0.0006229949500506459,No,"['NN', 'VBZ', 'IN', 'DT']"
251,is within the range),0 11 45 0,"['TaggedPDF-doc', 'Sect', 'Normal', 'statement', 'word']",{},0.0004916420845624386,1.2671717284030137,0.0006229949500506459,No,"['VBZ', 'IN', 'DT', 'NN', ':']"
252,within the range) giving,0 11 45 0,"['TaggedPDF-doc', 'Sect', 'Normal', 'statement', 'word']",{},0.0004916420845624386,1.2671717284030137,0.0006229949500506459,No,"['IN', 'DT', 'NN', ':', 'VBG']"
253,the range) giving an,0 11 45 0,"['TaggedPDF-doc', 'Sect', 'Normal', 'statement', 'word']",{},0.0004916420845624386,1.2671717284030137,0.0006229949500506459,No,"['DT', 'NN', ':', 'VBG', 'DT']"
254,range) giving an exact,0 11 45 0,"['TaggedPDF-doc', 'Sect', 'Normal', 'statement', 'word']",{},0.0004916420845624386,1.2671717284030137,0.0006229949500506459,No,"['NN', '``', 'VBG', 'DT', 'JJ']"
255,giving an exact representation,0 11 45 0,"['TaggedPDF-doc', 'Sect', 'Normal', 'statement', 'word']",{},0.0004916420845624386,1.2671717284030137,0.0006229949500506459,No,"['VBG', 'DT', 'JJ', 'NN']"
256,"Fixed-point arithmetic, which is",0 11 45 1,"['TaggedPDF-doc', 'Sect', 'Normal', 'statement', 'word']",{},0.0004916420845624386,1.2671717284030137,0.0006229949500506459,No,"['JJ', 'JJ', ',', 'WDT', 'VBZ']"
257,"arithmetic, which is faster",0 11 45 1,"['TaggedPDF-doc', 'Sect', 'Normal', 'statement', 'word']",{},0.0004916420845624386,1.2671717284030137,0.0006229949500506459,No,"['JJ', ',', 'WDT', 'VBZ', 'JJR']"
258,which is faster than,0 11 45 1,"['TaggedPDF-doc', 'Sect', 'Normal', 'statement', 'word']",{},0.0004916420845624386,1.2671717284030137,0.0006229949500506459,No,"['WDT', 'VBZ', 'JJR', 'IN']"
259,is faster than floating-point,0 11 45 1,"['TaggedPDF-doc', 'Sect', 'Normal', 'statement', 'word']",{},0.0004916420845624386,1.2671717284030137,0.0006229949500506459,No,"['VBZ', 'JJR', 'IN', 'JJ']"
260,"faster than floating-point arithmetic,",0 11 45 1,"['TaggedPDF-doc', 'Sect', 'Normal', 'statement', 'word']",{},0.0004916420845624386,1.2671717284030137,0.0006229949500506459,No,"['JJR', 'IN', 'JJ', 'NN']"
261,"than floating-point arithmetic, can",0 11 45 1,"['TaggedPDF-doc', 'Sect', 'Normal', 'statement', 'word']",{},0.0004916420845624386,1.2671717284030137,0.0006229949500506459,No,"['IN', 'JJ', 'JJ', ',', 'MD']"
262,"floating-point arithmetic, can then",0 11 45 1,"['TaggedPDF-doc', 'Sect', 'Normal', 'statement', 'word']",{},0.0004916420845624386,1.2671717284030137,0.0006229949500506459,No,"['JJ', 'JJ', ',', 'MD', 'RB']"
263,"arithmetic, can then be",0 11 45 1,"['TaggedPDF-doc', 'Sect', 'Normal', 'statement', 'word']",{},0.0004916420845624386,1.2671717284030137,0.0006229949500506459,No,"['JJ', ',', 'MD', 'RB', 'VB']"
264,can then be used,0 11 45 1,"['TaggedPDF-doc', 'Sect', 'Normal', 'statement', 'word']",{},0.0004916420845624386,1.2671717284030137,0.0006229949500506459,No,"['MD', 'RB', 'VB', 'VBN']"
265,This is one of,0 11 45 2,"['TaggedPDF-doc', 'Sect', 'Normal', 'statement', 'word']",{},0.0004916420845624386,1.2671717284030137,0.0006229949500506459,No,"['DT', 'VBZ', 'CD', 'IN']"
266,is one of the,0 11 45 2,"['TaggedPDF-doc', 'Sect', 'Normal', 'statement', 'word']",{},0.0009832841691248771,0.9661417327390326,0.0009499918709331688,No,"['VBZ', 'CD', 'IN', 'DT']"
267,one of the reasons,0 11 45 2,"['TaggedPDF-doc', 'Sect', 'Normal', 'statement', 'word']",{},0.0009832841691248771,1.2671717284030137,0.0012459899001012918,No,"['CD', 'IN', 'DT', 'NNS']"
268,of the reasons why,0 11 45 2,"['TaggedPDF-doc', 'Sect', 'Normal', 'statement', 'word']",{},0.0009832841691248771,1.2671717284030137,0.0012459899001012918,No,"['IN', 'DT', 'NNS', 'WRB']"
269,the reasons why fixed-point,0 11 45 2,"['TaggedPDF-doc', 'Sect', 'Normal', 'statement', 'word']",{},0.0004916420845624386,1.2671717284030137,0.0006229949500506459,No,"['DT', 'NNS', 'WRB', 'JJ']"
270,reasons why fixed-point representations,0 11 45 2,"['TaggedPDF-doc', 'Sect', 'Normal', 'statement', 'word']",{},0.0004916420845624386,1.2671717284030137,0.0006229949500506459,No,"['NNS', 'WRB', 'JJ', 'NNS']"
271,why fixed-point representations are,0 11 45 2,"['TaggedPDF-doc', 'Sect', 'Normal', 'statement', 'word']",{},0.0004916420845624386,1.2671717284030137,0.0006229949500506459,No,"['WRB', 'JJ', 'NNS', 'VBP']"
272,fixed-point representations are used,0 11 45 2,"['TaggedPDF-doc', 'Sect', 'Normal', 'statement', 'word']",{},0.0004916420845624386,1.2671717284030137,0.0006229949500506459,No,"['JJ', 'NNS', 'VBP', 'VBN']"
273,representations are used for,0 11 45 2,"['TaggedPDF-doc', 'Sect', 'Normal', 'statement', 'word']",{},0.0004916420845624386,1.2671717284030137,0.0006229949500506459,No,"['NNS', 'VBP', 'VBN', 'IN']"
274,are used for financial,0 11 45 2,"['TaggedPDF-doc', 'Sect', 'Normal', 'statement', 'word']",{},0.0004916420845624386,1.2671717284030137,0.0006229949500506459,No,"['VBP', 'VBN', 'IN', 'JJ']"
275,used for financial and,0 11 45 2,"['TaggedPDF-doc', 'Sect', 'Normal', 'statement', 'word']",{},0.0004916420845624386,1.2671717284030137,0.0006229949500506459,No,"['VBD', 'IN', 'JJ', 'CC']"
276,for financial and commercial,0 11 45 2,"['TaggedPDF-doc', 'Sect', 'Normal', 'statement', 'word']",{},0.0004916420845624386,1.2671717284030137,0.0006229949500506459,No,"['IN', 'JJ', 'CC', 'JJ']"
277,financial and commercial applications,0 11 45 2,"['TaggedPDF-doc', 'Sect', 'Normal', 'statement', 'word']",{},0.0004916420845624386,1.2671717284030137,0.0006229949500506459,No,"['JJ', 'CC', 'JJ', 'NNS']"
278,The floating-point format can,0 11 46 0,"['TaggedPDF-doc', 'Sect', 'Normal', 'statement', 'word']",{},0.0004916420845624386,1.2671717284030137,0.0006229949500506459,No,"['DT', 'JJ', 'NN', 'MD']"
279,floating-point format can represent,0 11 46 0,"['TaggedPDF-doc', 'Sect', 'Normal', 'statement', 'word']",{},0.0004916420845624386,1.2671717284030137,0.0006229949500506459,No,"['JJ', 'NN', 'MD', 'VB']"
280,format can represent a,0 11 46 0,"['TaggedPDF-doc', 'Sect', 'Normal', 'statement', 'word']",{},0.0004916420845624386,1.2671717284030137,0.0006229949500506459,No,"['NN', 'MD', 'VB', 'DT']"
281,can represent a wide,0 11 46 0,"['TaggedPDF-doc', 'Sect', 'Normal', 'statement', 'word']",{},0.0004916420845624386,1.2671717284030137,0.0006229949500506459,No,"['MD', 'VB', 'DT', 'JJ']"
282,represent a wide range,0 11 46 0,"['TaggedPDF-doc', 'Sect', 'Normal', 'statement', 'word']",{},0.0004916420845624386,1.2671717284030137,0.0006229949500506459,No,"['NN', 'DT', 'JJ', 'NN']"
283,a wide range of,0 11 46 0,"['TaggedPDF-doc', 'Sect', 'Normal', 'statement', 'word']",{},0.0004916420845624386,1.0910804693473326,0.0005364210763752864,No,"['DT', 'JJ', 'NN', 'IN']"
284,wide range of scale,0 11 46 0,"['TaggedPDF-doc', 'Sect', 'Normal', 'statement', 'word']",{},0.0004916420845624386,1.2671717284030137,0.0006229949500506459,No,"['JJ', 'NN', 'IN', 'NN']"
285,range of scale without,0 11 46 0,"['TaggedPDF-doc', 'Sect', 'Normal', 'statement', 'word']",{},0.0004916420845624386,1.2671717284030137,0.0006229949500506459,No,"['NN', 'IN', 'NN', 'IN']"
286,of scale without losing,0 11 46 0,"['TaggedPDF-doc', 'Sect', 'Normal', 'statement', 'word']",{},0.0004916420845624386,1.2671717284030137,0.0006229949500506459,No,"['IN', 'NN', 'IN', 'VBG']"
287,"scale without losing precision,",0 11 46 0,"['TaggedPDF-doc', 'Sect', 'Normal', 'statement', 'word']",{},0.0004916420845624386,1.2671717284030137,0.0006229949500506459,No,"['NN', 'IN', 'VBG', 'NN']"
288,"without losing precision, while",0 11 46 0,"['TaggedPDF-doc', 'Sect', 'Normal', 'statement', 'word']",{},0.0004916420845624386,1.2671717284030137,0.0006229949500506459,No,"['IN', 'VBG', 'NN', ',', 'IN']"
289,"losing precision, while the",0 11 46 0,"['TaggedPDF-doc', 'Sect', 'Normal', 'statement', 'word']",{},0.0004916420845624386,1.2671717284030137,0.0006229949500506459,No,"['VBG', 'NN', ',', 'IN', 'DT']"
290,"precision, while the fixed-point",0 11 46 0,"['TaggedPDF-doc', 'Sect', 'Normal', 'statement', 'word']",{},0.0004916420845624386,1.2671717284030137,0.0006229949500506459,No,"['NN', ',', 'IN', 'DT', 'JJ']"
291,while the fixed-point format,0 11 46 0,"['TaggedPDF-doc', 'Sect', 'Normal', 'statement', 'word']",{},0.0004916420845624386,1.2671717284030137,0.0006229949500506459,No,"['IN', 'DT', 'JJ', 'NN']"
292,the fixed-point format has,0 11 46 0,"['TaggedPDF-doc', 'Sect', 'Normal', 'statement', 'word']",{},0.0004916420845624386,1.2671717284030137,0.0006229949500506459,No,"['DT', 'JJ', 'NN', 'VBZ']"
293,fixed-point format has a,0 11 46 0,"['TaggedPDF-doc', 'Sect', 'Normal', 'statement', 'word']",{},0.0004916420845624386,1.2671717284030137,0.0006229949500506459,No,"['JJ', 'NN', 'VBZ', 'DT']"
294,format has a fixed,0 11 46 0,"['TaggedPDF-doc', 'Sect', 'Normal', 'statement', 'word']",{},0.0004916420845624386,1.2671717284030137,0.0006229949500506459,No,"['NN', 'VBZ', 'DT', 'VBN']"
295,has a fixed window,0 11 46 0,"['TaggedPDF-doc', 'Sect', 'Normal', 'statement', 'word']",{},0.0004916420845624386,1.2671717284030137,0.0006229949500506459,No,"['VBZ', 'DT', 'VBN', 'NN']"
296,a fixed window of,0 11 46 0,"['TaggedPDF-doc', 'Sect', 'Normal', 'statement', 'word']",{},0.0004916420845624386,1.2671717284030137,0.0006229949500506459,No,"['DT', 'VBN', 'NN', 'IN']"
297,fixed window of representation,0 11 46 0,"['TaggedPDF-doc', 'Sect', 'Normal', 'statement', 'word']",{},0.0004916420845624386,1.2671717284030137,0.0006229949500506459,No,"['VBN', 'NN', 'IN', 'NN']"
298,So for example in,0 11 46 1,"['TaggedPDF-doc', 'Sect', 'Normal', 'statement', 'word']",{},0.0004916420845624386,1.2671717284030137,0.0006229949500506459,No,"['IN', 'IN', 'NN', 'IN']"
299,for example in a,0 11 46 1,"['TaggedPDF-doc', 'Sect', 'Normal', 'statement', 'word']",{},0.0004916420845624386,1.2671717284030137,0.0006229949500506459,No,"['IN', 'NN', 'IN', 'DT']"
300,example in a 32-bit,0 11 46 1,"['TaggedPDF-doc', 'Sect', 'Normal', 'statement', 'word']",{},0.0004916420845624386,1.2671717284030137,0.0006229949500506459,No,"['NN', 'IN', 'DT', 'JJ']"
301,in a 32-bit floating-point,0 11 46 1,"['TaggedPDF-doc', 'Sect', 'Normal', 'statement', 'word']",{},0.0004916420845624386,1.2671717284030137,0.0006229949500506459,No,"['IN', 'DT', 'JJ', 'JJ']"
302,"a 32-bit floating-point representation,",0 11 46 1,"['TaggedPDF-doc', 'Sect', 'Normal', 'statement', 'word']",{},0.0004916420845624386,1.2671717284030137,0.0006229949500506459,No,"['DT', 'JJ', 'JJ', 'NN']"
303,"32-bit floating-point representation, numbers",0 11 46 1,"['TaggedPDF-doc', 'Sect', 'Normal', 'statement', 'word']",{},0.0004916420845624386,1.2671717284030137,0.0006229949500506459,No,"['JJ', 'JJ', 'NN', ',', 'NNS']"
304,"floating-point representation, numbers from",0 11 46 1,"['TaggedPDF-doc', 'Sect', 'Normal', 'statement', 'word']",{},0.0004916420845624386,1.2671717284030137,0.0006229949500506459,No,"['JJ', 'NN', ',', 'NNS', 'IN']"
305,"representation, numbers from 3.4",0 11 46 1,"['TaggedPDF-doc', 'Sect', 'Normal', 'statement', 'word']",{},0.0004916420845624386,1.2671717284030137,0.0006229949500506459,No,"['NN', ',', 'NNS', 'IN', 'CD']"
306,numbers from 3.4 x,0 11 46 1,"['TaggedPDF-doc', 'Sect', 'Normal', 'statement', 'word']",{},0.0004916420845624386,1.2671717284030137,0.0006229949500506459,No,"['NNS', 'IN', 'CD', 'NN']"
307,from 3.4 x 1038,0 11 46 1,"['TaggedPDF-doc', 'Sect', 'Normal', 'statement', 'word']",{},0.0004916420845624386,1.2671717284030137,0.0006229949500506459,No,"['IN', 'CD', 'NN', 'CD']"
308,3.4 x 1038 to,0 11 46 1,"['TaggedPDF-doc', 'Sect', 'Normal', 'statement', 'word']",{},0.0004916420845624386,1.2671717284030137,0.0006229949500506459,No,"['CD', 'NN', 'CD', 'TO']"
309,x 1038 to 1.4,0 11 46 1,"['TaggedPDF-doc', 'Sect', 'Normal', 'statement', 'word']",{},0.0004916420845624386,1.2671717284030137,0.0006229949500506459,No,"['NN', 'CD', 'TO', 'CD']"
310,1038 to 1.4 x,0 11 46 1,"['TaggedPDF-doc', 'Sect', 'Normal', 'statement', 'word']",{},0.0004916420845624386,1.2671717284030137,0.0006229949500506459,No,"['CD', 'TO', 'CD', 'NN']"
311,to 1.4 x 10-45,0 11 46 1,"['TaggedPDF-doc', 'Sect', 'Normal', 'statement', 'word']",{},0.0004916420845624386,1.2671717284030137,0.0006229949500506459,No,"['TO', 'CD', 'NN', 'CD']"
312,1.4 x 10-45 can,0 11 46 1,"['TaggedPDF-doc', 'Sect', 'Normal', 'statement', 'word']",{},0.0004916420845624386,1.2671717284030137,0.0006229949500506459,No,"['CD', 'NN', 'CD', 'MD']"
313,x 10-45 can be,0 11 46 1,"['TaggedPDF-doc', 'Sect', 'Normal', 'statement', 'word']",{},0.0004916420845624386,1.2671717284030137,0.0006229949500506459,No,"['NN', 'CD', 'MD', 'VB']"
314,10-45 can be represented,0 11 46 1,"['TaggedPDF-doc', 'Sect', 'Normal', 'statement', 'word']",{},0.0004916420845624386,1.2671717284030137,0.0006229949500506459,No,"['CD', 'MD', 'VB', 'VBN']"
315,can be represented with,0 11 46 1,"['TaggedPDF-doc', 'Sect', 'Normal', 'statement', 'word']",{},0.0004916420845624386,1.2671717284030137,0.0006229949500506459,No,"['MD', 'VB', 'VBN', 'IN']"
316,"be represented with ease,",0 11 46 1,"['TaggedPDF-doc', 'Sect', 'Normal', 'statement', 'word']",{},0.0004916420845624386,1.2671717284030137,0.0006229949500506459,No,"['VB', 'VBN', 'IN', 'JJ']"
317,"represented with ease, which",0 11 46 1,"['TaggedPDF-doc', 'Sect', 'Normal', 'statement', 'word']",{},0.0004916420845624386,1.2671717284030137,0.0006229949500506459,No,"['VBD', 'IN', 'NN', ',', 'WDT']"
318,"with ease, which is",0 11 46 1,"['TaggedPDF-doc', 'Sect', 'Normal', 'statement', 'word']",{},0.0004916420845624386,1.2671717284030137,0.0006229949500506459,No,"['IN', 'NN', ',', 'WDT', 'VBZ']"
319,"ease, which is one",0 11 46 1,"['TaggedPDF-doc', 'Sect', 'Normal', 'statement', 'word']",{},0.0004916420845624386,1.2671717284030137,0.0006229949500506459,No,"['NN', ',', 'WDT', 'VBZ', 'CD']"
320,which is one of,0 11 46 1,"['TaggedPDF-doc', 'Sect', 'Normal', 'statement', 'word']",{},0.0004916420845624386,1.2671717284030137,0.0006229949500506459,No,"['WDT', 'VBZ', 'CD', 'IN']"
321,is one of the,0 11 46 1,"['TaggedPDF-doc', 'Sect', 'Normal', 'statement', 'word']",{},0.0009832841691248771,0.9661417327390326,0.0009499918709331688,No,"['VBZ', 'CD', 'IN', 'DT']"
322,one of the reasons,0 11 46 1,"['TaggedPDF-doc', 'Sect', 'Normal', 'statement', 'word']",{},0.0009832841691248771,1.2671717284030137,0.0012459899001012918,No,"['CD', 'IN', 'DT', 'NNS']"
323,of the reasons why,0 11 46 1,"['TaggedPDF-doc', 'Sect', 'Normal', 'statement', 'word']",{},0.0009832841691248771,1.2671717284030137,0.0012459899001012918,No,"['IN', 'DT', 'NNS', 'WRB']"
324,the reasons why floating-point,0 11 46 1,"['TaggedPDF-doc', 'Sect', 'Normal', 'statement', 'word']",{},0.0004916420845624386,1.2671717284030137,0.0006229949500506459,No,"['DT', 'NNS', 'WRB', 'JJ']"
325,reasons why floating-point representation,0 11 46 1,"['TaggedPDF-doc', 'Sect', 'Normal', 'statement', 'word']",{},0.0004916420845624386,1.2671717284030137,0.0006229949500506459,No,"['NNS', 'WRB', 'JJ', 'NN']"
326,why floating-point representation is,0 11 46 1,"['TaggedPDF-doc', 'Sect', 'Normal', 'statement', 'word']",{},0.0004916420845624386,1.2671717284030137,0.0006229949500506459,No,"['WRB', 'JJ', 'NN', 'VBZ']"
327,floating-point representation is the,0 11 46 1,"['TaggedPDF-doc', 'Sect', 'Normal', 'statement', 'word']",{},0.0004916420845624386,1.2671717284030137,0.0006229949500506459,No,"['JJ', 'NN', 'VBZ', 'DT']"
328,representation is the most,0 11 46 1,"['TaggedPDF-doc', 'Sect', 'Normal', 'statement', 'word']",{},0.0004916420845624386,1.2671717284030137,0.0006229949500506459,No,"['NN', 'VBZ', 'DT', 'RBS']"
329,is the most common,0 11 46 1,"['TaggedPDF-doc', 'Sect', 'Normal', 'statement', 'word']",{},0.0009832841691248771,1.0910804693473326,0.0010728421527505729,No,"['VBZ', 'DT', 'RBS', 'JJ']"
330,the most common solution,0 11 46 1,"['TaggedPDF-doc', 'Sect', 'Normal', 'statement', 'word']",{},0.0004916420845624386,1.2671717284030137,0.0006229949500506459,No,"['DT', 'RBS', 'JJ', 'NN']"
331,Floating-point representations also include,0 11 47 0,"['TaggedPDF-doc', 'Sect', 'Normal', 'statement', 'word']",{},0.0004916420845624386,1.2671717284030137,0.0006229949500506459,No,"['JJ', 'NNS', 'RB', 'VBP']"
332,representations also include special,0 11 47 0,"['TaggedPDF-doc', 'Sect', 'Normal', 'statement', 'word']",{},0.0004916420845624386,1.2671717284030137,0.0006229949500506459,No,"['NNS', 'RB', 'VBP', 'JJ']"
333,also include special values,0 11 47 0,"['TaggedPDF-doc', 'Sect', 'Normal', 'statement', 'word']",{},0.0004916420845624386,1.2671717284030137,0.0006229949500506459,No,"['RB', 'VBP', 'JJ', 'NNS']"
334,include special values like,0 11 47 0,"['TaggedPDF-doc', 'Sect', 'Normal', 'statement', 'word']",{},0.0004916420845624386,1.2671717284030137,0.0006229949500506459,No,"['NN', 'JJ', 'NNS', 'IN']"
335,"special values like infinity,",0 11 47 0,"['TaggedPDF-doc', 'Sect', 'Normal', 'statement', 'word']",{},0.0004916420845624386,1.2671717284030137,0.0006229949500506459,No,"['JJ', 'NNS', 'IN', 'NN']"
336,"values like infinity, Not-a-Number",0 11 47 0,"['TaggedPDF-doc', 'Sect', 'Normal', 'statement', 'word']",{},0.0004916420845624386,1.2671717284030137,0.0006229949500506459,No,"['NNS', 'IN', 'NN', ',', 'JJ']"
337,"like infinity, Not-a-Number (e.g",0 11 47 0,"['TaggedPDF-doc', 'Sect', 'Normal', 'statement', 'word']",{},0.0004916420845624386,1.2671717284030137,0.0006229949500506459,No,"['IN', 'NN', ',', 'JJ', 'NN', 'JJ']"
338,result of square root,0 11 47 1,"['TaggedPDF-doc', 'Sect', 'Normal', 'statement', 'word']",{},0.0004916420845624386,1.2671717284030137,0.0006229949500506459,No,"['NN', 'IN', 'NN', 'NN']"
339,of square root of,0 11 47 1,"['TaggedPDF-doc', 'Sect', 'Normal', 'statement', 'word']",{},0.0004916420845624386,1.2671717284030137,0.0006229949500506459,No,"['IN', 'JJ', 'NN', 'IN']"
340,square root of a,0 11 47 1,"['TaggedPDF-doc', 'Sect', 'Normal', 'statement', 'word']",{},0.0009832841691248771,0.9661417327390326,0.0009499918709331688,No,"['NN', 'VBD', 'IN', 'DT']"
341,root of a negative,0 11 47 1,"['TaggedPDF-doc', 'Sect', 'Normal', 'statement', 'word']",{},0.0009832841691248771,1.0910804693473326,0.0010728421527505729,No,"['NN', 'IN', 'DT', 'JJ']"
342,of a negative number),0 11 47 1,"['TaggedPDF-doc', 'Sect', 'Normal', 'statement', 'word']",{},0.0004916420845624386,1.2671717284030137,0.0006229949500506459,No,"['IN', 'DT', 'JJ', 'NN', ':']"
343,IEEE Standard 754 for,0 11 58 1,"['TaggedPDF-doc', 'Sect', 'heading-1', 'statement', 'word']",{},0.0024582104228121925,1.2671717284030137,0.0031149747502532293,No,"['NNP', 'NNP', 'CD', 'IN']"
344,Standard 754 for Binary,0 11 58 1,"['TaggedPDF-doc', 'Sect', 'heading-1', 'statement', 'word']",{},0.0024582104228121925,1.2671717284030137,0.0031149747502532293,No,"['NNP', 'CD', 'IN', 'NNP']"
345,754 for Binary Floating-Point,0 11 58 1,"['TaggedPDF-doc', 'Sect', 'heading-1', 'statement', 'word']",{},0.0024582104228121925,1.2671717284030137,0.0031149747502532293,No,"['CD', 'IN', 'NNP', 'JJ']"
346,for Binary Floating-Point Arithmetic,0 11 58 1,"['TaggedPDF-doc', 'Sect', 'heading-1', 'statement', 'word']",{},0.0009832841691248771,0.9661417327390326,0.0009499918709331688,No,"['IN', 'NNP', 'JJ', 'NNP']"
347,The IEEE (Institute of,0 11 62 0,"['TaggedPDF-doc', 'Sect', 'Normal', 'statement', 'word']",{},0.0004916420845624386,1.2671717284030137,0.0006229949500506459,No,"['DT', 'NNP', 'NNP', 'NNP', 'IN']"
348,IEEE (Institute of Electrical,0 11 62 0,"['TaggedPDF-doc', 'Sect', 'Normal', 'statement', 'word']",{},0.0004916420845624386,1.2671717284030137,0.0006229949500506459,No,"['NNP', ':', 'NNP', 'IN', 'NNP']"
349,(Institute of Electrical and,0 11 62 0,"['TaggedPDF-doc', 'Sect', 'Normal', 'statement', 'word']",{},0.0004916420845624386,1.2671717284030137,0.0006229949500506459,No,"['NN', 'NNP', 'IN', 'NNP', 'CC']"
350,of Electrical and Electronics,0 11 62 0,"['TaggedPDF-doc', 'Sect', 'Normal', 'statement', 'word']",{},0.0004916420845624386,1.2671717284030137,0.0006229949500506459,No,"['IN', 'NNP', 'CC', 'NNP']"
351,Electrical and Electronics Engineers),0 11 62 0,"['TaggedPDF-doc', 'Sect', 'Normal', 'statement', 'word']",{},0.0004916420845624386,1.2671717284030137,0.0006229949500506459,No,"['JJ', 'CC', 'NNP', 'NNPS', 'NNP']"
352,and Electronics Engineers) has,0 11 62 0,"['TaggedPDF-doc', 'Sect', 'Normal', 'statement', 'word']",{},0.0004916420845624386,1.2671717284030137,0.0006229949500506459,No,"['CC', 'NNP', 'NNPS', 'NNP', 'VBZ']"
353,Electronics Engineers) has produced,0 11 62 0,"['TaggedPDF-doc', 'Sect', 'Normal', 'statement', 'word']",{},0.0004916420845624386,1.2671717284030137,0.0006229949500506459,No,"['NNS', 'NNPS', ':', 'VBZ', 'VBN']"
354,Engineers) has produced a,0 11 62 0,"['TaggedPDF-doc', 'Sect', 'Normal', 'statement', 'word']",{},0.0004916420845624386,1.2671717284030137,0.0006229949500506459,No,"['NNS', 'VBP', 'VBZ', 'VBN', 'DT']"
355,has produced a Standard,0 11 62 0,"['TaggedPDF-doc', 'Sect', 'Normal', 'statement', 'word']",{},0.0004916420845624386,1.2671717284030137,0.0006229949500506459,No,"['VBZ', 'VBN', 'DT', 'NNP']"
356,produced a Standard to,0 11 62 0,"['TaggedPDF-doc', 'Sect', 'Normal', 'statement', 'word']",{},0.0004916420845624386,1.2671717284030137,0.0006229949500506459,No,"['VBN', 'DT', 'NNP', 'TO']"
357,a Standard to define,0 11 62 0,"['TaggedPDF-doc', 'Sect', 'Normal', 'statement', 'word']",{},0.0004916420845624386,1.2671717284030137,0.0006229949500506459,No,"['DT', 'NNP', 'TO', 'VB']"
358,Standard to define floating-point,0 11 62 0,"['TaggedPDF-doc', 'Sect', 'Normal', 'statement', 'word']",{},0.0004916420845624386,1.2671717284030137,0.0006229949500506459,No,"['NNP', 'TO', 'VB', 'JJ']"
359,to define floating-point representation,0 11 62 0,"['TaggedPDF-doc', 'Sect', 'Normal', 'statement', 'word']",{},0.0004916420845624386,1.2671717284030137,0.0006229949500506459,No,"['TO', 'VB', 'JJ', 'NN']"
360,define floating-point representation and,0 11 62 0,"['TaggedPDF-doc', 'Sect', 'Normal', 'statement', 'word']",{},0.0004916420845624386,1.2671717284030137,0.0006229949500506459,No,"['NN', 'JJ', 'NN', 'CC']"
361,floating-point representation and arithmetic,0 11 62 0,"['TaggedPDF-doc', 'Sect', 'Normal', 'statement', 'word']",{},0.0004916420845624386,1.2671717284030137,0.0006229949500506459,No,"['JJ', 'NN', 'CC', 'JJ']"
362,Although there are other,0 11 62 1,"['TaggedPDF-doc', 'Sect', 'Normal', 'statement', 'word']",{},0.0004916420845624386,1.2671717284030137,0.0006229949500506459,No,"['IN', 'EX', 'VBP', 'JJ']"
363,"there are other representations,",0 11 62 1,"['TaggedPDF-doc', 'Sect', 'Normal', 'statement', 'word']",{},0.0004916420845624386,1.2671717284030137,0.0006229949500506459,No,"['EX', 'VBP', 'JJ', 'JJ']"
364,"are other representations, it",0 11 62 1,"['TaggedPDF-doc', 'Sect', 'Normal', 'statement', 'word']",{},0.0004916420845624386,1.2671717284030137,0.0006229949500506459,No,"['VBP', 'JJ', 'NNS', ',', 'PRP']"
365,"other representations, it is",0 11 62 1,"['TaggedPDF-doc', 'Sect', 'Normal', 'statement', 'word']",{},0.0004916420845624386,1.2671717284030137,0.0006229949500506459,No,"['JJ', 'NNS', ',', 'PRP', 'VBZ']"
366,"representations, it is the",0 11 62 1,"['TaggedPDF-doc', 'Sect', 'Normal', 'statement', 'word']",{},0.0004916420845624386,1.2671717284030137,0.0006229949500506459,No,"['NNS', ',', 'PRP', 'VBZ', 'DT']"
367,it is the most,0 11 62 1,"['TaggedPDF-doc', 'Sect', 'Normal', 'statement', 'word']",{},0.0004916420845624386,1.2671717284030137,0.0006229949500506459,No,"['PRP', 'VBZ', 'DT', 'RBS']"
368,is the most common,0 11 62 1,"['TaggedPDF-doc', 'Sect', 'Normal', 'statement', 'word']",{},0.0009832841691248771,1.0910804693473326,0.0010728421527505729,No,"['VBZ', 'DT', 'RBS', 'JJ']"
369,the most common representation,0 11 62 1,"['TaggedPDF-doc', 'Sect', 'Normal', 'statement', 'word']",{},0.0004916420845624386,1.0910804693473326,0.0005364210763752864,No,"['DT', 'RBS', 'JJ', 'NN']"
370,most common representation used,0 11 62 1,"['TaggedPDF-doc', 'Sect', 'Normal', 'statement', 'word']",{},0.0004916420845624386,1.2671717284030137,0.0006229949500506459,No,"['JJS', 'JJ', 'NN', 'VBN']"
371,common representation used for,0 11 62 1,"['TaggedPDF-doc', 'Sect', 'Normal', 'statement', 'word']",{},0.0004916420845624386,1.2671717284030137,0.0006229949500506459,No,"['JJ', 'NN', 'VBN', 'IN']"
372,representation used for floating,0 11 62 1,"['TaggedPDF-doc', 'Sect', 'Normal', 'statement', 'word']",{},0.0004916420845624386,1.2671717284030137,0.0006229949500506459,No,"['NN', 'VBD', 'IN', 'NN']"
373,used for floating point,0 11 62 1,"['TaggedPDF-doc', 'Sect', 'Normal', 'statement', 'word']",{},0.0004916420845624386,1.2671717284030137,0.0006229949500506459,No,"['VBD', 'IN', 'NN', 'NN']"
374,for floating point numbers,0 11 62 1,"['TaggedPDF-doc', 'Sect', 'Normal', 'statement', 'word']",{},0.0004916420845624386,1.2671717284030137,0.0006229949500506459,No,"['IN', 'NN', 'NN', 'NNS']"
375,The standard brought out,0 11 63 0,"['TaggedPDF-doc', 'Sect', 'Normal', 'statement', 'word']",{},0.0004916420845624386,1.2671717284030137,0.0006229949500506459,No,"['DT', 'JJ', 'NN', 'IN']"
376,standard brought out by,0 11 63 0,"['TaggedPDF-doc', 'Sect', 'Normal', 'statement', 'word']",{},0.0004916420845624386,1.2671717284030137,0.0006229949500506459,No,"['JJ', 'NN', 'IN', 'IN']"
377,brought out by the,0 11 63 0,"['TaggedPDF-doc', 'Sect', 'Normal', 'statement', 'word']",{},0.0004916420845624386,1.2671717284030137,0.0006229949500506459,No,"['VBD', 'IN', 'IN', 'DT']"
378,out by the IEEE,0 11 63 0,"['TaggedPDF-doc', 'Sect', 'Normal', 'statement', 'word']",{},0.0004916420845624386,1.2671717284030137,0.0006229949500506459,No,"['IN', 'IN', 'DT', 'NNP']"
379,by the IEEE come,0 11 63 0,"['TaggedPDF-doc', 'Sect', 'Normal', 'statement', 'word']",{},0.0004916420845624386,1.2671717284030137,0.0006229949500506459,No,"['IN', 'DT', 'NNP', 'NN']"
380,the IEEE come to,0 11 63 0,"['TaggedPDF-doc', 'Sect', 'Normal', 'statement', 'word']",{},0.0004916420845624386,1.2671717284030137,0.0006229949500506459,No,"['DT', 'NNP', 'NN', 'TO']"
381,IEEE come to be,0 11 63 0,"['TaggedPDF-doc', 'Sect', 'Normal', 'statement', 'word']",{},0.0004916420845624386,1.2671717284030137,0.0006229949500506459,No,"['NNP', 'VBP', 'TO', 'VB']"
382,come to be known,0 11 63 0,"['TaggedPDF-doc', 'Sect', 'Normal', 'statement', 'word']",{},0.0004916420845624386,1.2671717284030137,0.0006229949500506459,No,"['NN', 'TO', 'VB', 'VBN']"
383,to be known as,0 11 63 0,"['TaggedPDF-doc', 'Sect', 'Normal', 'statement', 'word']",{},0.0004916420845624386,1.2671717284030137,0.0006229949500506459,No,"['TO', 'VB', 'VBN', 'IN']"
384,be known as IEEE,0 11 63 0,"['TaggedPDF-doc', 'Sect', 'Normal', 'statement', 'word']",{},0.0004916420845624386,1.2671717284030137,0.0006229949500506459,No,"['VB', 'VBN', 'IN', 'NNP']"
385,known as IEEE 754,0 11 63 0,"['TaggedPDF-doc', 'Sect', 'Normal', 'statement', 'word']",{},0.0004916420845624386,1.2671717284030137,0.0006229949500506459,No,"['NN', 'IN', 'NNP', 'CD']"
386,The standard specifies [1]:,0 11 64 0,"['TaggedPDF-doc', 'Sect', 'Normal', 'statement', 'word']",{},0.0004916420845624386,1.2671717284030137,0.0006229949500506459,No,"['DT', 'JJ', 'NNS', ':', 'CD', 'CD', ':']"
387,1) Basic and extended,0 11 66 0,"['TaggedPDF-doc', 'Sect', 'Normal', 'statement', 'word']",{},0.0004916420845624386,1.2671717284030137,0.0006229949500506459,No,"['LS', '``', 'JJ', 'CC', 'VBD']"
388,Basic and extended floating-point,0 11 66 0,"['TaggedPDF-doc', 'Sect', 'Normal', 'statement', 'word']",{},0.0004916420845624386,1.2671717284030137,0.0006229949500506459,No,"['JJ', 'CC', 'VBD', 'JJ']"
389,and extended floating-point number,0 11 66 0,"['TaggedPDF-doc', 'Sect', 'Normal', 'statement', 'word']",{},0.0004916420845624386,1.2671717284030137,0.0006229949500506459,No,"['CC', 'VBD', 'JJ', 'NN']"
390,extended floating-point number formats,0 11 66 0,"['TaggedPDF-doc', 'Sect', 'Normal', 'statement', 'word']",{},0.0004916420845624386,1.2671717284030137,0.0006229949500506459,No,"['VBD', 'JJ', 'NN', 'NNS']"
391,"2) Add, subtract, multiply,",0 11 67 0,"['TaggedPDF-doc', 'Sect', 'Normal', 'statement', 'word']",{},0.0004916420845624386,1.2671717284030137,0.0006229949500506459,No,"['LS', '``', 'NNP', ',', 'NN', ',', 'NNP']"
392,"Add, subtract, multiply, divide,",0 11 67 0,"['TaggedPDF-doc', 'Sect', 'Normal', 'statement', 'word']",{},0.0004916420845624386,1.0910804693473326,0.0005364210763752864,No,"['NNP', ',', 'NN', ',', 'RB', ',', 'NNP']"
393,"subtract, multiply, divide, square",0 11 67 0,"['TaggedPDF-doc', 'Sect', 'Normal', 'statement', 'word']",{},0.0004916420845624386,1.2671717284030137,0.0006229949500506459,No,"['NN', ',', 'RB', ',', 'VBP', ',', 'JJ']"
394,"multiply, divide, square root,",0 11 67 0,"['TaggedPDF-doc', 'Sect', 'Normal', 'statement', 'word']",{},0.0004916420845624386,1.2671717284030137,0.0006229949500506459,No,"['RB', ',', 'VBP', ',', 'JJ', 'NN']"
395,"divide, square root, remainder,",0 11 67 0,"['TaggedPDF-doc', 'Sect', 'Normal', 'statement', 'word']",{},0.0004916420845624386,1.2671717284030137,0.0006229949500506459,No,"['NN', ',', 'JJ', 'NN', ',', 'NNP']"
396,"square root, remainder, and",0 11 67 0,"['TaggedPDF-doc', 'Sect', 'Normal', 'statement', 'word']",{},0.0004916420845624386,1.2671717284030137,0.0006229949500506459,No,"['NN', 'VBD', ',', 'NN', ',', 'CC']"
397,"root, remainder, and compare",0 11 67 0,"['TaggedPDF-doc', 'Sect', 'Normal', 'statement', 'word']",{},0.0004916420845624386,1.2671717284030137,0.0006229949500506459,No,"['NN', ',', 'NN', ',', 'CC', 'VB']"
398,"remainder, and compare operations",0 11 67 0,"['TaggedPDF-doc', 'Sect', 'Normal', 'statement', 'word']",{},0.0004916420845624386,1.2671717284030137,0.0006229949500506459,No,"['NN', ',', 'CC', 'VB', 'NNS']"
399,3) Conversions between integer,0 11 68 0,"['TaggedPDF-doc', 'Sect', 'Normal', 'statement', 'word']",{},0.0004916420845624386,1.2671717284030137,0.0006229949500506459,No,"['LS', '``', 'NNS', 'IN', 'JJR']"
400,Conversions between integer and,0 11 68 0,"['TaggedPDF-doc', 'Sect', 'Normal', 'statement', 'word']",{},0.0004916420845624386,1.2671717284030137,0.0006229949500506459,No,"['NNS', 'IN', 'JJR', 'CC']"
401,between integer and floating-point,0 11 68 0,"['TaggedPDF-doc', 'Sect', 'Normal', 'statement', 'word']",{},0.0004916420845624386,1.0910804693473326,0.0005364210763752864,No,"['IN', 'JJR', 'CC', 'JJ']"
402,integer and floating-point formats,0 11 68 0,"['TaggedPDF-doc', 'Sect', 'Normal', 'statement', 'word']",{},0.0004916420845624386,1.2671717284030137,0.0006229949500506459,No,"['NN', 'CC', 'JJ', 'NNS']"
403,4) Conversions between different,0 11 69 0,"['TaggedPDF-doc', 'Sect', 'Normal', 'statement', 'word']",{},0.0004916420845624386,1.2671717284030137,0.0006229949500506459,No,"['LS', '``', 'NNS', 'IN', 'JJ']"
404,Conversions between different floating-point,0 11 69 0,"['TaggedPDF-doc', 'Sect', 'Normal', 'statement', 'word']",{},0.0004916420845624386,1.2671717284030137,0.0006229949500506459,No,"['NNS', 'IN', 'JJ', 'JJ']"
405,between different floating-point formats,0 11 69 0,"['TaggedPDF-doc', 'Sect', 'Normal', 'statement', 'word']",{},0.0004916420845624386,1.2671717284030137,0.0006229949500506459,No,"['IN', 'JJ', 'JJ', 'NNS']"
406,5) Conversions between basic,0 11 70 0,"['TaggedPDF-doc', 'Sect', 'Normal', 'statement', 'word']",{},0.0004916420845624386,1.2671717284030137,0.0006229949500506459,No,"['LS', '``', 'NNS', 'IN', 'JJ']"
407,Conversions between basic format,0 11 70 0,"['TaggedPDF-doc', 'Sect', 'Normal', 'statement', 'word']",{},0.0004916420845624386,1.2671717284030137,0.0006229949500506459,No,"['NNS', 'IN', 'JJ', 'NN']"
408,between basic format floating-point,0 11 70 0,"['TaggedPDF-doc', 'Sect', 'Normal', 'statement', 'word']",{},0.0004916420845624386,1.2671717284030137,0.0006229949500506459,No,"['IN', 'JJ', 'NN', 'JJ']"
409,basic format floating-point numbers,0 11 70 0,"['TaggedPDF-doc', 'Sect', 'Normal', 'statement', 'word']",{},0.0004916420845624386,1.2671717284030137,0.0006229949500506459,No,"['JJ', 'NN', 'JJ', 'NNS']"
410,format floating-point numbers and,0 11 70 0,"['TaggedPDF-doc', 'Sect', 'Normal', 'statement', 'word']",{},0.0004916420845624386,1.2671717284030137,0.0006229949500506459,No,"['NN', 'JJ', 'NNS', 'CC']"
411,floating-point numbers and decimal,0 11 70 0,"['TaggedPDF-doc', 'Sect', 'Normal', 'statement', 'word']",{},0.0004916420845624386,1.2671717284030137,0.0006229949500506459,No,"['JJ', 'NNS', 'CC', 'JJ']"
412,numbers and decimal strings,0 11 70 0,"['TaggedPDF-doc', 'Sect', 'Normal', 'statement', 'word']",{},0.0004916420845624386,1.2671717284030137,0.0006229949500506459,No,"['NNS', 'CC', 'JJ', 'NNS']"
413,6) Floating-point exceptions and,0 11 71 0,"['TaggedPDF-doc', 'Sect', 'Normal', 'statement', 'word']",{},0.0004916420845624386,1.2671717284030137,0.0006229949500506459,No,"['CD', '``', 'JJ', 'NNS', 'CC']"
414,Floating-point exceptions and their,0 11 71 0,"['TaggedPDF-doc', 'Sect', 'Normal', 'statement', 'word']",{},0.0004916420845624386,1.2671717284030137,0.0006229949500506459,No,"['JJ', 'NNS', 'CC', 'PRP$']"
415,"exceptions and their handling,",0 11 71 0,"['TaggedPDF-doc', 'Sect', 'Normal', 'statement', 'word']",{},0.0004916420845624386,1.2671717284030137,0.0006229949500506459,No,"['NNS', 'CC', 'PRP$', 'NN']"
416,"and their handling, including",0 11 71 0,"['TaggedPDF-doc', 'Sect', 'Normal', 'statement', 'word']",{},0.0004916420845624386,1.2671717284030137,0.0006229949500506459,No,"['CC', 'PRP$', 'NN', ',', 'VBG']"
417,"their handling, including non",0 11 71 0,"['TaggedPDF-doc', 'Sect', 'Normal', 'statement', 'word']",{},0.0004916420845624386,1.2671717284030137,0.0006229949500506459,No,"['PRP$', 'NN', ',', 'VBG', 'NN']"
418,"handling, including non numbers",0 11 71 0,"['TaggedPDF-doc', 'Sect', 'Normal', 'statement', 'word']",{},0.0004916420845624386,1.2671717284030137,0.0006229949500506459,No,"['NN', ',', 'VBG', 'NN', 'NNS']"
419,including non numbers (NaNs),0 11 71 0,"['TaggedPDF-doc', 'Sect', 'Normal', 'statement', 'word']",{},0.0004916420845624386,1.2671717284030137,0.0006229949500506459,No,"['VBG', 'NN', 'NNS', ':', 'NNS', 'VBP']"
420,When it comes to,0 11 74 0,"['TaggedPDF-doc', 'Sect', 'Normal', 'statement', 'word']",{},0.0004916420845624386,1.2671717284030137,0.0006229949500506459,No,"['WRB', 'PRP', 'VBZ', 'TO']"
421,it comes to their,0 11 74 0,"['TaggedPDF-doc', 'Sect', 'Normal', 'statement', 'word']",{},0.0004916420845624386,1.2671717284030137,0.0006229949500506459,No,"['PRP', 'VBZ', 'TO', 'PRP$']"
422,comes to their precision,0 11 74 0,"['TaggedPDF-doc', 'Sect', 'Normal', 'statement', 'word']",{},0.0004916420845624386,1.2671717284030137,0.0006229949500506459,No,"['NNS', 'TO', 'PRP$', 'NN']"
423,to their precision and,0 11 74 0,"['TaggedPDF-doc', 'Sect', 'Normal', 'statement', 'word']",{},0.0004916420845624386,1.2671717284030137,0.0006229949500506459,No,"['TO', 'PRP$', 'NN', 'CC']"
424,their precision and width,0 11 74 0,"['TaggedPDF-doc', 'Sect', 'Normal', 'statement', 'word']",{},0.0004916420845624386,1.2671717284030137,0.0006229949500506459,No,"['PRP$', 'NN', 'CC', 'NN']"
425,precision and width in,0 11 74 0,"['TaggedPDF-doc', 'Sect', 'Normal', 'statement', 'word']",{},0.0004916420845624386,1.2671717284030137,0.0006229949500506459,No,"['NN', 'CC', 'NN', 'IN']"
426,"and width in bits,",0 11 74 0,"['TaggedPDF-doc', 'Sect', 'Normal', 'statement', 'word']",{},0.0004916420845624386,1.2671717284030137,0.0006229949500506459,No,"['CC', 'NN', 'IN', 'NNP']"
427,"width in bits, the",0 11 74 0,"['TaggedPDF-doc', 'Sect', 'Normal', 'statement', 'word']",{},0.0004916420845624386,1.2671717284030137,0.0006229949500506459,No,"['NN', 'IN', 'NNS', ',', 'DT']"
428,"in bits, the standard",0 11 74 0,"['TaggedPDF-doc', 'Sect', 'Normal', 'statement', 'word']",{},0.0004916420845624386,1.2671717284030137,0.0006229949500506459,No,"['IN', 'PRP$', ',', 'DT', 'JJ']"
429,"bits, the standard defines",0 11 74 0,"['TaggedPDF-doc', 'Sect', 'Normal', 'statement', 'word']",{},0.0004916420845624386,1.2671717284030137,0.0006229949500506459,No,"['NNS', ',', 'DT', 'JJ', 'NNS']"
430,the standard defines two,0 11 74 0,"['TaggedPDF-doc', 'Sect', 'Normal', 'statement', 'word']",{},0.0004916420845624386,1.2671717284030137,0.0006229949500506459,No,"['DT', 'JJ', 'NNS', 'CD']"
431,standard defines two groups:,0 11 74 0,"['TaggedPDF-doc', 'Sect', 'Normal', 'statement', 'word']",{},0.0004916420845624386,1.2671717284030137,0.0006229949500506459,No,"['JJ', 'NNS', 'CD', 'JJ']"
432,defines two groups: basic-,0 11 74 0,"['TaggedPDF-doc', 'Sect', 'Normal', 'statement', 'word']",{},0.0004916420845624386,1.2671717284030137,0.0006229949500506459,No,"['NNS', 'CD', 'NNS', ':', 'JJ']"
433,two groups: basic- and,0 11 74 0,"['TaggedPDF-doc', 'Sect', 'Normal', 'statement', 'word']",{},0.0004916420845624386,1.2671717284030137,0.0006229949500506459,No,"['CD', 'NNS', ':', 'JJ', 'CC']"
434,groups: basic- and extended,0 11 74 0,"['TaggedPDF-doc', 'Sect', 'Normal', 'statement', 'word']",{},0.0004916420845624386,1.2671717284030137,0.0006229949500506459,No,"['NNS', ':', 'JJ', 'CC', 'VBD']"
435,basic- and extended format,0 11 74 0,"['TaggedPDF-doc', 'Sect', 'Normal', 'statement', 'word']",{},0.0004916420845624386,1.2671717284030137,0.0006229949500506459,No,"['NN', 'CC', 'VBD', 'NN']"
436,The extended format is,0 11 74 1,"['TaggedPDF-doc', 'Sect', 'Normal', 'statement', 'word']",{},0.0004916420845624386,1.2671717284030137,0.0006229949500506459,No,"['DT', 'VBN', 'NN', 'VBZ']"
437,extended format is implementation,0 11 74 1,"['TaggedPDF-doc', 'Sect', 'Normal', 'statement', 'word']",{},0.0004916420845624386,1.2671717284030137,0.0006229949500506459,No,"['VBD', 'VBN', 'VBZ', 'NN']"
438,format is implementation dependent,0 11 74 1,"['TaggedPDF-doc', 'Sect', 'Normal', 'statement', 'word']",{},0.0004916420845624386,1.2671717284030137,0.0006229949500506459,No,"['NN', 'VBZ', 'NN', 'NN']"
439,is implementation dependent and,0 11 74 1,"['TaggedPDF-doc', 'Sect', 'Normal', 'statement', 'word']",{},0.0004916420845624386,1.2671717284030137,0.0006229949500506459,No,"['VBZ', 'NN', 'NN', 'CC']"
440,implementation dependent and doesnt,0 11 74 1,"['TaggedPDF-doc', 'Sect', 'Normal', 'statement', 'word']",{},0.0004916420845624386,1.2671717284030137,0.0006229949500506459,No,"