S.No,Trigram,Location Vector,Signature,Signature Weight,Tf,Idf,Tf - Idf Score,Is First Letter Capitalized,POS
1,Microsoft Word -,[0][2][0][0][2][0][0][0],"['TaggedPDF-doc', '{adobe:ns:meta/}xmpmeta', '{http://www.w3.org/1999/02/22-rdf-syntax-ns#}RDF', '{http://www.w3.org/1999/02/22-rdf-syntax-ns#}Description', '{http://purl.org/dc/elements/1.1/}title', '{http://www.w3.org/1999/02/22-rdf-syntax-ns#}Alt', '{http://www.w3.org/1999/02/22-rdf-syntax-ns#}li', 'statement', 'word']",{},0.00423728813559322,1.2671717284030137,0.005369371730521245,No,"['NNP', 'NNP', ':']"
2,Word - FloatingPoint_AddSub_datasheet,[0][2][0][0][2][0][0][0],"['TaggedPDF-doc', '{adobe:ns:meta/}xmpmeta', '{http://www.w3.org/1999/02/22-rdf-syntax-ns#}RDF', '{http://www.w3.org/1999/02/22-rdf-syntax-ns#}Description', '{http://purl.org/dc/elements/1.1/}title', '{http://www.w3.org/1999/02/22-rdf-syntax-ns#}Alt', '{http://www.w3.org/1999/02/22-rdf-syntax-ns#}li', 'statement', 'word']",{},0.00423728813559322,1.2671717284030137,0.005369371730521245,No,"['NNP', ':', 'NNP']"
3,PScript5.dll Version 5.2,[0][2][0][1][1][0],"['TaggedPDF-doc', '{adobe:ns:meta/}xmpmeta', '{http://www.w3.org/1999/02/22-rdf-syntax-ns#}RDF', '{http://www.w3.org/1999/02/22-rdf-syntax-ns#}Description', '{http://ns.adobe.com/xap/1.0/}CreatorTool', 'statement', 'word']",{},0.00423728813559322,1.0910804693473326,0.004623222327742935,No,"['JJ', 'NN', 'CD']"
4,GPL Ghostscript 8.15,[0][2][0][2][0][0],"['TaggedPDF-doc', '{adobe:ns:meta/}xmpmeta', '{http://www.w3.org/1999/02/22-rdf-syntax-ns#}RDF', '{http://www.w3.org/1999/02/22-rdf-syntax-ns#}Description', '{http://ns.adobe.com/pdf/1.3/}Producer', 'statement', 'word']",{},0.00423728813559322,1.0910804693473326,0.004623222327742935,No,"['NNP', 'NNP', 'CD']"
5,FLOATING POINT ADD/SUB,[0][5][0][0],"['TaggedPDF-doc', 'Part', 'H3', 'statement', 'word']",['H3'],0.00423728813559322,1.2671717284030137,0.005369371730521245,Yes,"['NN', 'NN', '-NONE-']"
6,POINT ADD/SUB IP,[0][5][0][0],"['TaggedPDF-doc', 'Part', 'H3', 'statement', 'word']",['H3'],0.00423728813559322,1.2671717284030137,0.005369371730521245,Yes,"['NN', 'NN', 'NNP']"
7,SoftJin Technologies Pvt,[0][5][2][0],"['TaggedPDF-doc', 'Part', 'P', 'statement', 'word']",{},0.012711864406779662,1.0910804693473326,0.013869666983228805,Yes,"['NNP', 'NNPS', 'NNP']"
8,"Ltd.India: 102, 1st",[0][5][2][1],"['TaggedPDF-doc', 'Part', 'P', 'statement', 'word']",{},0.012711864406779662,1.0910804693473326,0.013869666983228805,No,"['JJ', ':', 'CD', ',', 'CD']"
9,"102, 1st Floor,",[0][5][2][1],"['TaggedPDF-doc', 'Part', 'P', 'statement', 'word']",{},0.012711864406779662,1.0910804693473326,0.013869666983228805,No,"['CD', ',', 'CD', '-NONE-']"
10,"1st Floor, Mobius",[0][5][2][1],"['TaggedPDF-doc', 'Part', 'P', 'statement', 'word']",{},0.012711864406779662,1.0910804693473326,0.013869666983228805,No,"['CD', 'NNP', ',', 'NNP']"
11,"Floor, Mobius Tower,",[0][5][2][1],"['TaggedPDF-doc', 'Part', 'P', 'statement', 'word']",{},0.012711864406779662,1.0910804693473326,0.013869666983228805,Yes,"['NNP', ',', 'NNP', 'NNP']"
12,"Mobius Tower, SJR",[0][5][2][1],"['TaggedPDF-doc', 'Part', 'P', 'statement', 'word']",{},0.012711864406779662,1.0910804693473326,0.013869666983228805,Yes,"['NNP', 'NNP', ',', 'NNP']"
13,"Tower, SJR iPark,",[0][5][2][1],"['TaggedPDF-doc', 'Part', 'P', 'statement', 'word']",{},0.012711864406779662,1.0910804693473326,0.013869666983228805,No,"['NNP', ',', 'NNP', 'NNP']"
14,"SJR iPark, EPIP,",[0][5][2][1],"['TaggedPDF-doc', 'Part', 'P', 'statement', 'word']",{},0.012711864406779662,1.0910804693473326,0.013869666983228805,No,"['NNP', 'NNP', ',', 'NNP']"
15,"iPark, EPIP, White",[0][5][2][1],"['TaggedPDF-doc', 'Part', 'P', 'statement', 'word']",{},0.012711864406779662,1.0910804693473326,0.013869666983228805,No,"['NNP', ',', 'NNP', ',', 'NNP']"
16,"EPIP, White Field,",[0][5][2][1],"['TaggedPDF-doc', 'Part', 'P', 'statement', 'word']",{},0.012711864406779662,1.0910804693473326,0.013869666983228805,Yes,"['NNP', ',', 'NNP', 'NNP']"
17,"White Field, BANGALORE",[0][5][2][1],"['TaggedPDF-doc', 'Part', 'P', 'statement', 'word']",{},0.012711864406779662,1.0910804693473326,0.013869666983228805,Yes,"['NNP', 'NNP', ',', 'NNP']"
18,"Field, BANGALORE 560",[0][5][2][1],"['TaggedPDF-doc', 'Part', 'P', 'statement', 'word']",{},0.012711864406779662,1.0910804693473326,0.013869666983228805,No,"['NNP', ',', 'NNP', 'CD']"
19,"BANGALORE 560 066,",[0][5][2][1],"['TaggedPDF-doc', 'Part', 'P', 'statement', 'word']",{},0.012711864406779662,1.0910804693473326,0.013869666983228805,No,"['NNP', 'CD', 'CD']"
20,"560 066, Karnataka,",[0][5][2][1],"['TaggedPDF-doc', 'Part', 'P', 'statement', 'word']",{},0.012711864406779662,1.0910804693473326,0.013869666983228805,No,"['CD', 'CD', ',', 'NNP']"
21,"066, Karnataka, India,",[0][5][2][1],"['TaggedPDF-doc', 'Part', 'P', 'statement', 'word']",{},0.012711864406779662,1.0910804693473326,0.013869666983228805,No,"['CD', ',', 'NNP', ',', 'NNP']"
22,"Karnataka, India, Tel:",[0][5][2][1],"['TaggedPDF-doc', 'Part', 'P', 'statement', 'word']",{},0.012711864406779662,1.0910804693473326,0.013869666983228805,Yes,"['NNP', ',', 'NNP', ',', 'NNP']"
23,"India, Tel: 918041779999,",[0][5][2][1],"['TaggedPDF-doc', 'Part', 'P', 'statement', 'word']",{},0.012711864406779662,1.0910804693473326,0.013869666983228805,No,"['NNP', ',', 'NNP', ':', 'CD']"
24,"Tel: 918041779999, Fax:",[0][5][2][1],"['TaggedPDF-doc', 'Part', 'P', 'statement', 'word']",{},0.012711864406779662,1.0910804693473326,0.013869666983228805,No,"['NNP', ':', 'CD', ',', 'NNP']"
25,"918041779999, Fax: 918041157070",[0][5][2][1],"['TaggedPDF-doc', 'Part', 'P', 'statement', 'word']",{},0.012711864406779662,1.0910804693473326,0.013869666983228805,No,"['CD', ',', 'NNP', ':', 'CD']"
26,Fax: 918041157070 US:,[0][5][2][1],"['TaggedPDF-doc', 'Part', 'P', 'statement', 'word']",{},0.012711864406779662,1.0910804693473326,0.013869666983228805,No,"['NNP', ':', 'CD', 'NN']"
27,918041157070 US: 2900,[0][5][2][1],"['TaggedPDF-doc', 'Part', 'P', 'statement', 'word']",{},0.012711864406779662,1.0910804693473326,0.013869666983228805,No,"['CD', 'PRP', ':', 'CD']"
28,US: 2900 Gordon,[0][5][2][1],"['TaggedPDF-doc', 'Part', 'P', 'statement', 'word']",{},0.012711864406779662,1.0910804693473326,0.013869666983228805,No,"['PRP', ':', 'CD', 'NNP']"
29,"2900 Gordon Ave,",[0][5][2][1],"['TaggedPDF-doc', 'Part', 'P', 'statement', 'word']",{},0.012711864406779662,1.0910804693473326,0.013869666983228805,No,"['CD', 'NNP', 'NNP']"
30,"Gordon Ave, Suite",[0][5][2][1],"['TaggedPDF-doc', 'Part', 'P', 'statement', 'word']",{},0.012711864406779662,1.0910804693473326,0.013869666983228805,Yes,"['NNP', 'NNP', ',', 'NNP']"
31,"Ave, Suite 10011,",[0][5][2][1],"['TaggedPDF-doc', 'Part', 'P', 'statement', 'word']",{},0.012711864406779662,1.0910804693473326,0.013869666983228805,No,"['NNP', ',', 'NNP', 'CD']"
32,"Suite 10011, Santa",[0][5][2][1],"['TaggedPDF-doc', 'Part', 'P', 'statement', 'word']",{},0.012711864406779662,1.0910804693473326,0.013869666983228805,No,"['NNP', 'CD', ',', 'NNP']"
33,"10011, Santa Clara,",[0][5][2][1],"['TaggedPDF-doc', 'Part', 'P', 'statement', 'word']",{},0.012711864406779662,1.0910804693473326,0.013869666983228805,No,"['CD', ',', 'NNP', 'NNP']"
34,"Santa Clara, CA",[0][5][2][1],"['TaggedPDF-doc', 'Part', 'P', 'statement', 'word']",{},0.012711864406779662,1.0910804693473326,0.013869666983228805,Yes,"['NNP', 'NNP', ',', 'NNP']"
35,"Clara, CA 95051,",[0][5][2][1],"['TaggedPDF-doc', 'Part', 'P', 'statement', 'word']",{},0.012711864406779662,1.0910804693473326,0.013869666983228805,No,"['NNP', ',', 'NNP', 'CD']"
36,"CA 95051, USA,",[0][5][2][1],"['TaggedPDF-doc', 'Part', 'P', 'statement', 'word']",{},0.012711864406779662,1.0910804693473326,0.013869666983228805,No,"['NNP', 'CD', ',', 'NNP']"
37,"95051, USA, Tel:",[0][5][2][1],"['TaggedPDF-doc', 'Part', 'P', 'statement', 'word']",{},0.012711864406779662,1.0910804693473326,0.013869666983228805,No,"['CD', ',', 'NNP', ',', 'NNP']"
38,"USA, Tel: (408)",[0][5][2][1],"['TaggedPDF-doc', 'Part', 'P', 'statement', 'word']",{},0.012711864406779662,1.0910804693473326,0.013869666983228805,No,"['NNP', ',', 'NNP', ':', ':', 'CD', 'CD']"
39,"Tel: (408) 7731714,",[0][5][2][1],"['TaggedPDF-doc', 'Part', 'P', 'statement', 'word']",{},0.012711864406779662,1.0910804693473326,0.013869666983228805,No,"['NNP', ':', ':', 'CD', 'CD', 'CD']"
40,"(408) 7731714, Fax:",[0][5][2][1],"['TaggedPDF-doc', 'Part', 'P', 'statement', 'word']",{},0.012711864406779662,1.0910804693473326,0.013869666983228805,No,"['NN', 'CD', 'CD', 'CD', ',', 'NNP']"
41,"7731714, Fax: (408)",[0][5][2][1],"['TaggedPDF-doc', 'Part', 'P', 'statement', 'word']",{},0.012711864406779662,1.0910804693473326,0.013869666983228805,No,"['CD', ',', 'NNP', ':', ':', 'CD', 'CD']"
42,Fax: (408) 7731745,[0][5][2][1],"['TaggedPDF-doc', 'Part', 'P', 'statement', 'word']",{},0.012711864406779662,1.0910804693473326,0.013869666983228805,No,"['NNP', ':', ':', 'CD', 'CD', 'CD']"
43,(408) 7731745 Email:,[0][5][2][1],"['TaggedPDF-doc', 'Part', 'P', 'statement', 'word']",{},0.012711864406779662,1.0910804693473326,0.013869666983228805,No,"['NN', 'CD', 'CD', 'CD', 'JJ']"
44,7731745 Email: sales@softjin.com,[0][5][2][1],"['TaggedPDF-doc', 'Part', 'P', 'statement', 'word']",{},0.012711864406779662,1.0910804693473326,0.013869666983228805,No,"['CD', 'NNP', ':', 'NNS', 'IN', 'JJ']"
45,Email: sales@softjin.com Web:,[0][5][2][1],"['TaggedPDF-doc', 'Part', 'P', 'statement', 'word']",{},0.012711864406779662,1.0910804693473326,0.013869666983228805,No,"['NNP', ':', 'NNS', 'IN', 'JJ', 'NN']"
46,sales@softjin.com Web: www.softjin.com,[0][5][2][1],"['TaggedPDF-doc', 'Part', 'P', 'statement', 'word']",{},0.012711864406779662,1.0910804693473326,0.013869666983228805,No,"['NNS', 'VBP', 'JJ', 'NNP', ':', 'JJ']"
47,Web: www.softjin.com Page,[0][5][2][1],"['TaggedPDF-doc', 'Part', 'P', 'statement', 'word']",{},0.012711864406779662,1.0910804693473326,0.013869666983228805,No,"['NNP', ':', 'JJ', 'NN']"
48,www.softjin.com Page |,[0][5][2][1],"['TaggedPDF-doc', 'Part', 'P', 'statement', 'word']",{},0.012711864406779662,1.0910804693473326,0.013869666983228805,No,"['NN', 'NNP', 'NNP']"
49,Page | 1,[0][5][2][1],"['TaggedPDF-doc', 'Part', 'P', 'statement', 'word']",{},0.00423728813559322,1.0910804693473326,0.004623222327742935,No,"['NN', '``', 'CD']"
50,IEEE 754 Format:,[0][5][3][0][0],"['TaggedPDF-doc', 'Part', 'Sect', 'P', 'statement', 'word']",{},0.00423728813559322,1.2671717284030137,0.005369371730521245,No,"['NNP', 'CD', '-NONE-']"
51,Figure 1: Floating,[0][5][7][0],"['TaggedPDF-doc', 'Part', 'P', 'statement', 'word']",{},0.00423728813559322,1.2671717284030137,0.005369371730521245,No,"['NN', 'CD', ':', 'NNP']"
52,1: Floating Point,[0][5][7][0],"['TaggedPDF-doc', 'Part', 'P', 'statement', 'word']",{},0.00423728813559322,1.2671717284030137,0.005369371730521245,No,"['LS', ':', 'NNP', 'NNP']"
53,Floating Point Representation,[0][5][7][0],"['TaggedPDF-doc', 'Part', 'P', 'statement', 'word']",{},0.00423728813559322,1.2671717284030137,0.005369371730521245,Yes,"['VBG', 'NNP', 'NNP']"
54,Point Representation in,[0][5][7][0],"['TaggedPDF-doc', 'Part', 'P', 'statement', 'word']",{},0.00423728813559322,1.2671717284030137,0.005369371730521245,No,"['NN', 'NNP', 'IN']"
55,Representation in IEEE,[0][5][7][0],"['TaggedPDF-doc', 'Part', 'P', 'statement', 'word']",{},0.00423728813559322,1.2671717284030137,0.005369371730521245,No,"['NN', 'IN', 'NNP']"
56,in IEEE 754,[0][5][7][0],"['TaggedPDF-doc', 'Part', 'P', 'statement', 'word']",{},0.00423728813559322,1.2671717284030137,0.005369371730521245,No,"['IN', 'NNP', 'CD']"
57,IEEE 754 format,[0][5][7][0],"['TaggedPDF-doc', 'Part', 'P', 'statement', 'word']",{},0.00423728813559322,1.2671717284030137,0.005369371730521245,No,"['NNP', 'CD', 'NN']"
58,Figure2: Implementation Blocks,[0][5][10][0],"['TaggedPDF-doc', 'Part', 'P', 'statement', 'word']",{},0.00423728813559322,1.2671717284030137,0.005369371730521245,Yes,"['NNP', ':', 'NNP', 'NNP']"
59,Implementation Blocks of,[0][5][10][0],"['TaggedPDF-doc', 'Part', 'P', 'statement', 'word']",{},0.00423728813559322,1.2671717284030137,0.005369371730521245,No,"['NN', 'NNS', 'IN']"
60,Blocks of FPU,[0][5][10][0],"['TaggedPDF-doc', 'Part', 'P', 'statement', 'word']",{},0.00423728813559322,1.2671717284030137,0.005369371730521245,No,"['NNS', 'IN', 'NNP']"
61,This is the,[0][5][12][1][3][0],"['TaggedPDF-doc', 'Part', 'Table', 'TR', 'TD', 'statement', 'word']",['TD'],0.01694915254237288,0.6651117370750514,0.011273080289407652,No,"['DT', 'VBZ', 'DT']"
62,is the port,[0][5][12][1][3][0],"['TaggedPDF-doc', 'Part', 'Table', 'TR', 'TD', 'statement', 'word']",['TD'],0.012711864406779662,1.2671717284030137,0.016108115191563736,No,"['VBZ', 'DT', 'NN']"
63,the port through,[0][5][12][1][3][0],"['TaggedPDF-doc', 'Part', 'Table', 'TR', 'TD', 'statement', 'word']",['TD'],0.012711864406779662,1.2671717284030137,0.016108115191563736,No,"['DT', 'NN', 'IN']"
64,port through which,[0][5][12][1][3][0],"['TaggedPDF-doc', 'Part', 'Table', 'TR', 'TD', 'statement', 'word']",['TD'],0.01694915254237288,1.2671717284030137,0.02147748692208498,No,"['NN', 'IN', 'WDT']"
65,through which the,[0][5][12][1][3][0],"['TaggedPDF-doc', 'Part', 'Table', 'TR', 'TD', 'statement', 'word']",['TD'],0.01694915254237288,1.2671717284030137,0.02147748692208498,No,"['IN', 'WDT', 'DT']"
66,which the first,[0][5][12][1][3][0],"['TaggedPDF-doc', 'Part', 'Table', 'TR', 'TD', 'statement', 'word']",['TD'],0.00423728813559322,1.2671717284030137,0.005369371730521245,No,"['WDT', 'DT', 'JJ']"
67,the first input,[0][5][12][1][3][0],"['TaggedPDF-doc', 'Part', 'Table', 'TR', 'TD', 'statement', 'word']",['TD'],0.00423728813559322,1.2671717284030137,0.005369371730521245,No,"['DT', 'JJ', 'NN']"
68,first input is,[0][5][12][1][3][0],"['TaggedPDF-doc', 'Part', 'Table', 'TR', 'TD', 'statement', 'word']",['TD'],0.00423728813559322,1.2671717284030137,0.005369371730521245,No,"['JJ', 'NN', 'VBZ']"
69,input is fed,[0][5][12][1][3][0],"['TaggedPDF-doc', 'Part', 'Table', 'TR', 'TD', 'statement', 'word']",['TD'],0.00847457627118644,1.2671717284030137,0.01073874346104249,No,"['NN', 'VBZ', 'VBN']"
70,is fed through,[0][5][12][1][3][0],"['TaggedPDF-doc', 'Part', 'Table', 'TR', 'TD', 'statement', 'word']",['TD'],0.00847457627118644,1.2671717284030137,0.01073874346104249,No,"['VBZ', 'VBN', 'IN']"
71,This is the,[0][5][12][2][3][0],"['TaggedPDF-doc', 'Part', 'Table', 'TR', 'TD', 'statement', 'word']",['TD'],0.01694915254237288,0.6651117370750514,0.011273080289407652,No,"['DT', 'VBZ', 'DT']"
72,is the port,[0][5][12][2][3][0],"['TaggedPDF-doc', 'Part', 'Table', 'TR', 'TD', 'statement', 'word']",['TD'],0.012711864406779662,1.2671717284030137,0.016108115191563736,No,"['VBZ', 'DT', 'NN']"
73,the port through,[0][5][12][2][3][0],"['TaggedPDF-doc', 'Part', 'Table', 'TR', 'TD', 'statement', 'word']",['TD'],0.012711864406779662,1.2671717284030137,0.016108115191563736,No,"['DT', 'NN', 'IN']"
74,port through which,[0][5][12][2][3][0],"['TaggedPDF-doc', 'Part', 'Table', 'TR', 'TD', 'statement', 'word']",['TD'],0.01694915254237288,1.2671717284030137,0.02147748692208498,No,"['NN', 'IN', 'WDT']"
75,through which the,[0][5][12][2][3][0],"['TaggedPDF-doc', 'Part', 'Table', 'TR', 'TD', 'statement', 'word']",['TD'],0.01694915254237288,1.2671717284030137,0.02147748692208498,No,"['IN', 'WDT', 'DT']"
76,which the second,[0][5][12][2][3][0],"['TaggedPDF-doc', 'Part', 'Table', 'TR', 'TD', 'statement', 'word']",['TD'],0.00423728813559322,1.2671717284030137,0.005369371730521245,No,"['WDT', 'DT', 'JJ']"
77,the second input,[0][5][12][2][3][0],"['TaggedPDF-doc', 'Part', 'Table', 'TR', 'TD', 'statement', 'word']",['TD'],0.00423728813559322,1.0910804693473326,0.004623222327742935,No,"['DT', 'JJ', 'NN']"
78,second input is,[0][5][12][2][3][0],"['TaggedPDF-doc', 'Part', 'Table', 'TR', 'TD', 'statement', 'word']",['TD'],0.00423728813559322,1.2671717284030137,0.005369371730521245,No,"['JJ', 'NN', 'VBZ']"
79,input is fed,[0][5][12][2][3][0],"['TaggedPDF-doc', 'Part', 'Table', 'TR', 'TD', 'statement', 'word']",['TD'],0.00847457627118644,1.2671717284030137,0.01073874346104249,No,"['NN', 'VBZ', 'VBN']"
80,is fed through,[0][5][12][2][3][0],"['TaggedPDF-doc', 'Part', 'Table', 'TR', 'TD', 'statement', 'word']",['TD'],0.00847457627118644,1.2671717284030137,0.01073874346104249,No,"['VBZ', 'VBN', 'IN']"
81,This is the,[0][5][12][3][3][0],"['TaggedPDF-doc', 'Part', 'Table', 'TR', 'TD', 'statement', 'word']",['TD'],0.01694915254237288,0.6651117370750514,0.011273080289407652,No,"['DT', 'VBZ', 'DT']"
82,is the input,[0][5][12][3][3][0],"['TaggedPDF-doc', 'Part', 'Table', 'TR', 'TD', 'statement', 'word']",['TD'],0.00423728813559322,1.0910804693473326,0.004623222327742935,No,"['VBZ', 'DT', 'NN']"
83,the input port,[0][5][12][3][3][0],"['TaggedPDF-doc', 'Part', 'Table', 'TR', 'TD', 'statement', 'word']",['TD'],0.00423728813559322,1.0910804693473326,0.004623222327742935,No,"['DT', 'NN', 'NN']"
84,input port through,[0][5][12][3][3][0],"['TaggedPDF-doc', 'Part', 'Table', 'TR', 'TD', 'statement', 'word']",['TD'],0.00423728813559322,1.2671717284030137,0.005369371730521245,No,"['NN', 'NN', 'IN']"
85,port through which,[0][5][12][3][3][0],"['TaggedPDF-doc', 'Part', 'Table', 'TR', 'TD', 'statement', 'word']",['TD'],0.01694915254237288,1.2671717284030137,0.02147748692208498,No,"['NN', 'IN', 'WDT']"
86,through which the,[0][5][12][3][3][0],"['TaggedPDF-doc', 'Part', 'Table', 'TR', 'TD', 'statement', 'word']",['TD'],0.01694915254237288,1.2671717284030137,0.02147748692208498,No,"['IN', 'WDT', 'DT']"
87,which the entire,[0][5][12][3][3][0],"['TaggedPDF-doc', 'Part', 'Table', 'TR', 'TD', 'statement', 'word']",['TD'],0.00423728813559322,1.2671717284030137,0.005369371730521245,No,"['WDT', 'DT', 'JJ']"
88,the entire system,[0][5][12][3][3][0],"['TaggedPDF-doc', 'Part', 'Table', 'TR', 'TD', 'statement', 'word']",['TD'],0.00423728813559322,1.0910804693473326,0.004623222327742935,No,"['DT', 'JJ', 'NN']"
89,entire system is,[0][5][12][3][3][0],"['TaggedPDF-doc', 'Part', 'Table', 'TR', 'TD', 'statement', 'word']",['TD'],0.00423728813559322,1.2671717284030137,0.005369371730521245,No,"['NN', 'NN', 'VBZ']"
90,system is synchronous,[0][5][12][3][3][0],"['TaggedPDF-doc', 'Part', 'Table', 'TR', 'TD', 'statement', 'word']",['TD'],0.00423728813559322,1.2671717284030137,0.005369371730521245,No,"['NN', 'VBZ', 'JJ']"
91,is synchronous with,[0][5][12][3][3][0],"['TaggedPDF-doc', 'Part', 'Table', 'TR', 'TD', 'statement', 'word']",['TD'],0.00423728813559322,1.0910804693473326,0.004623222327742935,No,"['VBZ', 'JJ', 'IN']"
92,The input to,[0][5][12][4][3][0],"['TaggedPDF-doc', 'Part', 'Table', 'TR', 'TD', 'statement', 'word']",['TD'],0.00423728813559322,1.2671717284030137,0.005369371730521245,No,"['DT', 'NN', 'TO']"
93,input to this,[0][5][12][4][3][0],"['TaggedPDF-doc', 'Part', 'Table', 'TR', 'TD', 'statement', 'word']",['TD'],0.00423728813559322,1.2671717284030137,0.005369371730521245,No,"['NN', 'TO', 'DT']"
94,to this port,[0][5][12][4][3][0],"['TaggedPDF-doc', 'Part', 'Table', 'TR', 'TD', 'statement', 'word']",['TD'],0.00423728813559322,1.2671717284030137,0.005369371730521245,No,"['TO', 'DT', 'NN']"
95,this port decides,[0][5][12][4][3][0],"['TaggedPDF-doc', 'Part', 'Table', 'TR', 'TD', 'statement', 'word']",['TD'],0.00423728813559322,1.2671717284030137,0.005369371730521245,No,"['DT', 'NN', 'VBZ']"
96,port decides the,[0][5][12][4][3][0],"['TaggedPDF-doc', 'Part', 'Table', 'TR', 'TD', 'statement', 'word']",['TD'],0.00423728813559322,1.2671717284030137,0.005369371730521245,No,"['NN', 'VBZ', 'DT']"
97,decides the mode,[0][5][12][4][3][0],"['TaggedPDF-doc', 'Part', 'Table', 'TR', 'TD', 'statement', 'word']",['TD'],0.00423728813559322,1.2671717284030137,0.005369371730521245,No,"['NNS', 'DT', 'NN']"
98,the mode of,[0][5][12][4][3][0],"['TaggedPDF-doc', 'Part', 'Table', 'TR', 'TD', 'statement', 'word']",['TD'],0.00423728813559322,1.0910804693473326,0.004623222327742935,No,"['DT', 'NN', 'IN']"
99,mode of arithmetic,[0][5][12][4][3][0],"['TaggedPDF-doc', 'Part', 'Table', 'TR', 'TD', 'statement', 'word']",['TD'],0.00423728813559322,1.2671717284030137,0.005369371730521245,No,"['NN', 'IN', 'JJ']"
100,of arithmetic operation,[0][5][12][4][3][0],"['TaggedPDF-doc', 'Part', 'Table', 'TR', 'TD', 'statement', 'word']",['TD'],0.00423728813559322,1.2671717284030137,0.005369371730521245,No,"['IN', 'JJ', 'NN']"
101,0 for addition,[0][5][12][4][3][1],"['TaggedPDF-doc', 'Part', 'Table', 'TR', 'TD', 'statement', 'word']",['TD'],0.00423728813559322,1.0910804693473326,0.004623222327742935,No,"['-NONE-', 'IN', 'NN']"
102,for addition and,[0][5][12][4][3][1],"['TaggedPDF-doc', 'Part', 'Table', 'TR', 'TD', 'statement', 'word']",['TD'],0.00423728813559322,1.0910804693473326,0.004623222327742935,No,"['IN', 'NN', 'CC']"
103,addition and 1,[0][5][12][4][3][1],"['TaggedPDF-doc', 'Part', 'Table', 'TR', 'TD', 'statement', 'word']",['TD'],0.00423728813559322,1.2671717284030137,0.005369371730521245,No,"['NN', 'CC', 'CD']"
104,and 1 for,[0][5][12][4][3][1],"['TaggedPDF-doc', 'Part', 'Table', 'TR', 'TD', 'statement', 'word']",['TD'],0.00423728813559322,1.0910804693473326,0.004623222327742935,No,"['CC', 'CD', 'IN']"
105,1 for subtraction,[0][5][12][4][3][1],"['TaggedPDF-doc', 'Part', 'Table', 'TR', 'TD', 'statement', 'word']",['TD'],0.00423728813559322,1.0910804693473326,0.004623222327742935,No,"['LS', 'IN', 'NN']"
106,This is the,[0][5][12][5][3][0],"['TaggedPDF-doc', 'Part', 'Table', 'TR', 'TD', 'statement', 'word']",['TD'],0.01694915254237288,0.6651117370750514,0.011273080289407652,No,"['DT', 'VBZ', 'DT']"
107,is the port,[0][5][12][5][3][0],"['TaggedPDF-doc', 'Part', 'Table', 'TR', 'TD', 'statement', 'word']",['TD'],0.012711864406779662,1.2671717284030137,0.016108115191563736,No,"['VBZ', 'DT', 'NN']"
108,the port through,[0][5][12][5][3][0],"['TaggedPDF-doc', 'Part', 'Table', 'TR', 'TD', 'statement', 'word']",['TD'],0.012711864406779662,1.2671717284030137,0.016108115191563736,No,"['DT', 'NN', 'IN']"
109,port through which,[0][5][12][5][3][0],"['TaggedPDF-doc', 'Part', 'Table', 'TR', 'TD', 'statement', 'word']",['TD'],0.01694915254237288,1.2671717284030137,0.02147748692208498,No,"['NN', 'IN', 'WDT']"
110,through which the,[0][5][12][5][3][0],"['TaggedPDF-doc', 'Part', 'Table', 'TR', 'TD', 'statement', 'word']",['TD'],0.01694915254237288,1.2671717284030137,0.02147748692208498,No,"['IN', 'WDT', 'DT']"
111,which the output,[0][5][12][5][3][0],"['TaggedPDF-doc', 'Part', 'Table', 'TR', 'TD', 'statement', 'word']",['TD'],0.00423728813559322,1.2671717284030137,0.005369371730521245,No,"['WDT', 'DT', 'NN']"
112,the output is,[0][5][12][5][3][0],"['TaggedPDF-doc', 'Part', 'Table', 'TR', 'TD', 'statement', 'word']",['TD'],0.00423728813559322,0.7900504736833514,0.0033476714986582683,No,"['DT', 'NN', 'VBZ']"
113,output is fed,[0][5][12][5][3][0],"['TaggedPDF-doc', 'Part', 'Table', 'TR', 'TD', 'statement', 'word']",['TD'],0.00423728813559322,1.2671717284030137,0.005369371730521245,No,"['NN', 'VBZ', 'VBN']"
114,is fed out,[0][5][12][5][3][0],"['TaggedPDF-doc', 'Part', 'Table', 'TR', 'TD', 'statement', 'word']",['TD'],0.00423728813559322,1.2671717284030137,0.005369371730521245,No,"['VBZ', 'VBN', 'RP']"
115,Table 1: Signal,[0][5][13][0],"['TaggedPDF-doc', 'Part', 'P', 'statement', 'word']",{},0.00423728813559322,1.0910804693473326,0.004623222327742935,No,"['JJ', 'CD', ':', 'JJ']"
116,1: Signal Definition,[0][5][13][0],"['TaggedPDF-doc', 'Part', 'P', 'statement', 'word']",{},0.00423728813559322,1.0910804693473326,0.004623222327742935,No,"['LS', ':', 'JJ', 'NN']"
117,Signal Definition Table,[0][5][13][0],"['TaggedPDF-doc', 'Part', 'P', 'statement', 'word']",{},0.00423728813559322,1.0910804693473326,0.004623222327742935,Yes,"['NNP', 'NNP', 'NNP']"
118,SoftJin Technologies Pvt,[0][5][14][0],"['TaggedPDF-doc', 'Part', 'P', 'statement', 'word']",{},0.012711864406779662,1.0910804693473326,0.013869666983228805,Yes,"['NNP', 'NNPS', 'NNP']"
119,"Ltd.India: 102, 1st",[0][5][14][1],"['TaggedPDF-doc', 'Part', 'P', 'statement', 'word']",{},0.012711864406779662,1.0910804693473326,0.013869666983228805,No,"['JJ', ':', 'CD', ',', 'CD']"
120,"102, 1st Floor,",[0][5][14][1],"['TaggedPDF-doc', 'Part', 'P', 'statement', 'word']",{},0.012711864406779662,1.0910804693473326,0.013869666983228805,No,"['CD', ',', 'CD', '-NONE-']"
121,"1st Floor, Mobius",[0][5][14][1],"['TaggedPDF-doc', 'Part', 'P', 'statement', 'word']",{},0.012711864406779662,1.0910804693473326,0.013869666983228805,No,"['CD', 'NNP', ',', 'NNP']"
122,"Floor, Mobius Tower,",[0][5][14][1],"['TaggedPDF-doc', 'Part', 'P', 'statement', 'word']",{},0.012711864406779662,1.0910804693473326,0.013869666983228805,Yes,"['NNP', ',', 'NNP', 'NNP']"
123,"Mobius Tower, SJR",[0][5][14][1],"['TaggedPDF-doc', 'Part', 'P', 'statement', 'word']",{},0.012711864406779662,1.0910804693473326,0.013869666983228805,Yes,"['NNP', 'NNP', ',', 'NNP']"
124,"Tower, SJR iPark,",[0][5][14][1],"['TaggedPDF-doc', 'Part', 'P', 'statement', 'word']",{},0.012711864406779662,1.0910804693473326,0.013869666983228805,No,"['NNP', ',', 'NNP', 'NNP']"
125,"SJR iPark, EPIP,",[0][5][14][1],"['TaggedPDF-doc', 'Part', 'P', 'statement', 'word']",{},0.012711864406779662,1.0910804693473326,0.013869666983228805,No,"['NNP', 'NNP', ',', 'NNP']"
126,"iPark, EPIP, White",[0][5][14][1],"['TaggedPDF-doc', 'Part', 'P', 'statement', 'word']",{},0.012711864406779662,1.0910804693473326,0.013869666983228805,No,"['NNP', ',', 'NNP', ',', 'NNP']"
127,"EPIP, White Field,",[0][5][14][1],"['TaggedPDF-doc', 'Part', 'P', 'statement', 'word']",{},0.012711864406779662,1.0910804693473326,0.013869666983228805,Yes,"['NNP', ',', 'NNP', 'NNP']"
128,"White Field, BANGALORE",[0][5][14][1],"['TaggedPDF-doc', 'Part', 'P', 'statement', 'word']",{},0.012711864406779662,1.0910804693473326,0.013869666983228805,Yes,"['NNP', 'NNP', ',', 'NNP']"
129,"Field, BANGALORE 560",[0][5][14][1],"['TaggedPDF-doc', 'Part', 'P', 'statement', 'word']",{},0.012711864406779662,1.0910804693473326,0.013869666983228805,No,"['NNP', ',', 'NNP', 'CD']"
130,"BANGALORE 560 066,",[0][5][14][1],"['TaggedPDF-doc', 'Part', 'P', 'statement', 'word']",{},0.012711864406779662,1.0910804693473326,0.013869666983228805,No,"['NNP', 'CD', 'CD']"
131,"560 066, Karnataka,",[0][5][14][1],"['TaggedPDF-doc', 'Part', 'P', 'statement', 'word']",{},0.012711864406779662,1.0910804693473326,0.013869666983228805,No,"['CD', 'CD', ',', 'NNP']"
132,"066, Karnataka, India,",[0][5][14][1],"['TaggedPDF-doc', 'Part', 'P', 'statement', 'word']",{},0.012711864406779662,1.0910804693473326,0.013869666983228805,No,"['CD', ',', 'NNP', ',', 'NNP']"
133,"Karnataka, India, Tel:",[0][5][14][1],"['TaggedPDF-doc', 'Part', 'P', 'statement', 'word']",{},0.012711864406779662,1.0910804693473326,0.013869666983228805,Yes,"['NNP', ',', 'NNP', ',', 'NNP']"
134,"India, Tel: 918041779999,",[0][5][14][1],"['TaggedPDF-doc', 'Part', 'P', 'statement', 'word']",{},0.012711864406779662,1.0910804693473326,0.013869666983228805,No,"['NNP', ',', 'NNP', ':', 'CD']"
135,"Tel: 918041779999, Fax:",[0][5][14][1],"['TaggedPDF-doc', 'Part', 'P', 'statement', 'word']",{},0.012711864406779662,1.0910804693473326,0.013869666983228805,No,"['NNP', ':', 'CD', ',', 'NNP']"
136,"918041779999, Fax: 918041157070",[0][5][14][1],"['TaggedPDF-doc', 'Part', 'P', 'statement', 'word']",{},0.012711864406779662,1.0910804693473326,0.013869666983228805,No,"['CD', ',', 'NNP', ':', 'CD']"
137,Fax: 918041157070 US:,[0][5][14][1],"['TaggedPDF-doc', 'Part', 'P', 'statement', 'word']",{},0.012711864406779662,1.0910804693473326,0.013869666983228805,No,"['NNP', ':', 'CD', 'NN']"
138,918041157070 US: 2900,[0][5][14][1],"['TaggedPDF-doc', 'Part', 'P', 'statement', 'word']",{},0.012711864406779662,1.0910804693473326,0.013869666983228805,No,"['CD', 'PRP', ':', 'CD']"
139,US: 2900 Gordon,[0][5][14][1],"['TaggedPDF-doc', 'Part', 'P', 'statement', 'word']",{},0.012711864406779662,1.0910804693473326,0.013869666983228805,No,"['PRP', ':', 'CD', 'NNP']"
140,"2900 Gordon Ave,",[0][5][14][1],"['TaggedPDF-doc', 'Part', 'P', 'statement', 'word']",{},0.012711864406779662,1.0910804693473326,0.013869666983228805,No,"['CD', 'NNP', 'NNP']"
141,"Gordon Ave, Suite",[0][5][14][1],"['TaggedPDF-doc', 'Part', 'P', 'statement', 'word']",{},0.012711864406779662,1.0910804693473326,0.013869666983228805,Yes,"['NNP', 'NNP', ',', 'NNP']"
142,"Ave, Suite 10011,",[0][5][14][1],"['TaggedPDF-doc', 'Part', 'P', 'statement', 'word']",{},0.012711864406779662,1.0910804693473326,0.013869666983228805,No,"['NNP', ',', 'NNP', 'CD']"
143,"Suite 10011, Santa",[0][5][14][1],"['TaggedPDF-doc', 'Part', 'P', 'statement', 'word']",{},0.012711864406779662,1.0910804693473326,0.013869666983228805,No,"['NNP', 'CD', ',', 'NNP']"
144,"10011, Santa Clara,",[0][5][14][1],"['TaggedPDF-doc', 'Part', 'P', 'statement', 'word']",{},0.012711864406779662,1.0910804693473326,0.013869666983228805,No,"['CD', ',', 'NNP', 'NNP']"
145,"Santa Clara, CA",[0][5][14][1],"['TaggedPDF-doc', 'Part', 'P', 'statement', 'word']",{},0.012711864406779662,1.0910804693473326,0.013869666983228805,Yes,"['NNP', 'NNP', ',', 'NNP']"
146,"Clara, CA 95051,",[0][5][14][1],"['TaggedPDF-doc', 'Part', 'P', 'statement', 'word']",{},0.012711864406779662,1.0910804693473326,0.013869666983228805,No,"['NNP', ',', 'NNP', 'CD']"
147,"CA 95051, USA,",[0][5][14][1],"['TaggedPDF-doc', 'Part', 'P', 'statement', 'word']",{},0.012711864406779662,1.0910804693473326,0.013869666983228805,No,"['NNP', 'CD', ',', 'NNP']"
148,"95051, USA, Tel:",[0][5][14][1],"['TaggedPDF-doc', 'Part', 'P', 'statement', 'word']",{},0.012711864406779662,1.0910804693473326,0.013869666983228805,No,"['CD', ',', 'NNP', ',', 'NNP']"
149,"USA, Tel: (408)",[0][5][14][1],"['TaggedPDF-doc', 'Part', 'P', 'statement', 'word']",{},0.012711864406779662,1.0910804693473326,0.013869666983228805,No,"['NNP', ',', 'NNP', ':', ':', 'CD', 'CD']"
150,"Tel: (408) 7731714,",[0][5][14][1],"['TaggedPDF-doc', 'Part', 'P', 'statement', 'word']",{},0.012711864406779662,1.0910804693473326,0.013869666983228805,No,"['NNP', ':', ':', 'CD', 'CD', 'CD']"
151,"(408) 7731714, Fax:",[0][5][14][1],"['TaggedPDF-doc', 'Part', 'P', 'statement', 'word']",{},0.012711864406779662,1.0910804693473326,0.013869666983228805,No,"['NN', 'CD', 'CD', 'CD', ',', 'NNP']"
152,"7731714, Fax: (408)",[0][5][14][1],"['TaggedPDF-doc', 'Part', 'P', 'statement', 'word']",{},0.012711864406779662,1.0910804693473326,0.013869666983228805,No,"['CD', ',', 'NNP', ':', ':', 'CD', 'CD']"
153,Fax: (408) 7731745,[0][5][14][1],"['TaggedPDF-doc', 'Part', 'P', 'statement', 'word']",{},0.012711864406779662,1.0910804693473326,0.013869666983228805,No,"['NNP', ':', ':', 'CD', 'CD', 'CD']"
154,(408) 7731745 Email:,[0][5][14][1],"['TaggedPDF-doc', 'Part', 'P', 'statement', 'word']",{},0.012711864406779662,1.0910804693473326,0.013869666983228805,No,"['NN', 'CD', 'CD', 'CD', 'JJ']"
155,7731745 Email: sales@softjin.com,[0][5][14][1],"['TaggedPDF-doc', 'Part', 'P', 'statement', 'word']",{},0.012711864406779662,1.0910804693473326,0.013869666983228805,No,"['CD', 'NNP', ':', 'NNS', 'IN', 'JJ']"
156,Email: sales@softjin.com Web:,[0][5][14][1],"['TaggedPDF-doc', 'Part', 'P', 'statement', 'word']",{},0.012711864406779662,1.0910804693473326,0.013869666983228805,No,"['NNP', ':', 'NNS', 'IN', 'JJ', 'NN']"
157,sales@softjin.com Web: www.softjin.com,[0][5][14][1],"['TaggedPDF-doc', 'Part', 'P', 'statement', 'word']",{},0.012711864406779662,1.0910804693473326,0.013869666983228805,No,"['NNS', 'VBP', 'JJ', 'NNP', ':', 'JJ']"
158,Web: www.softjin.com Page,[0][5][14][1],"['TaggedPDF-doc', 'Part', 'P', 'statement', 'word']",{},0.012711864406779662,1.0910804693473326,0.013869666983228805,No,"['NNP', ':', 'JJ', 'NN']"
159,www.softjin.com Page |,[0][5][14][1],"['TaggedPDF-doc', 'Part', 'P', 'statement', 'word']",{},0.012711864406779662,1.0910804693473326,0.013869666983228805,No,"['NN', 'NNP', 'NNP']"
160,Page | 2,[0][5][14][1],"['TaggedPDF-doc', 'Part', 'P', 'statement', 'word']",{},0.00423728813559322,1.0910804693473326,0.004623222327742935,No,"['NN', '``', 'CD']"
161,Table 2: FPU,[0][5][17][0],"['TaggedPDF-doc', 'Part', 'P', 'statement', 'word']",{},0.00423728813559322,1.2671717284030137,0.005369371730521245,No,"['JJ', 'CD', ':', 'NNP']"
162,2: FPU add/sub,[0][5][17][0],"['TaggedPDF-doc', 'Part', 'P', 'statement', 'word']",{},0.00423728813559322,1.2671717284030137,0.005369371730521245,No,"['LS', ':', 'NNP', 'NNP']"
163,FPU add/sub IP,[0][5][17][0],"['TaggedPDF-doc', 'Part', 'P', 'statement', 'word']",{},0.00423728813559322,1.2671717284030137,0.005369371730521245,No,"['NNP', 'NNP', 'NNP']"
164,add/sub IP Performance,[0][5][17][0],"['TaggedPDF-doc', 'Part', 'P', 'statement', 'word']",{},0.00423728813559322,1.2671717284030137,0.005369371730521245,No,"['NN', 'NNP', 'NNP']"
165,IP Performance table,[0][5][17][0],"['TaggedPDF-doc', 'Part', 'P', 'statement', 'word']",{},0.00423728813559322,1.2671717284030137,0.005369371730521245,No,"['NNP', 'NNP', 'NN']"
166,The Floating point,[0][5][18][1][0],"['TaggedPDF-doc', 'Part', 'Sect', 'P', 'statement', 'word']",{},0.00423728813559322,1.0910804693473326,0.004623222327742935,No,"['DT', 'NNP', 'NN']"
167,Floating point adder/subtracter,[0][5][18][1][0],"['TaggedPDF-doc', 'Part', 'Sect', 'P', 'statement', 'word']",{},0.00423728813559322,1.2671717284030137,0.005369371730521245,No,"['VBG', 'NN', 'JJ']"
168,point adder/subtracter IP,[0][5][18][1][0],"['TaggedPDF-doc', 'Part', 'Sect', 'P', 'statement', 'word']",{},0.00423728813559322,1.2671717284030137,0.005369371730521245,No,"['NN', 'NN', 'NNP']"
169,adder/subtracter IP has,[0][5][18][1][0],"['TaggedPDF-doc', 'Part', 'Sect', 'P', 'statement', 'word']",{},0.00423728813559322,1.2671717284030137,0.005369371730521245,No,"['JJ', 'NN', 'VBZ']"
170,IP has been,[0][5][18][1][0],"['TaggedPDF-doc', 'Part', 'Sect', 'P', 'statement', 'word']",{},0.00423728813559322,1.0910804693473326,0.004623222327742935,No,"['NNP', 'VBZ', 'VBN']"
171,has been verified,[0][5][18][1][0],"['TaggedPDF-doc', 'Part', 'Sect', 'P', 'statement', 'word']",{},0.00423728813559322,0.6139592146276701,0.0026015220958799583,No,"['VBZ', 'VBN', 'VBN']"
172,been verified with,[0][5][18][1][0],"['TaggedPDF-doc', 'Part', 'Sect', 'P', 'statement', 'word']",{},0.00423728813559322,1.0910804693473326,0.004623222327742935,No,"['VBN', 'VBN', 'IN']"
173,verified with the,[0][5][18][1][0],"['TaggedPDF-doc', 'Part', 'Sect', 'P', 'statement', 'word']",{},0.00423728813559322,1.0910804693473326,0.004623222327742935,No,"['VBD', 'IN', 'DT']"
174,with the following,[0][5][18][1][0],"['TaggedPDF-doc', 'Part', 'Sect', 'P', 'statement', 'word']",{},0.00423728813559322,0.7231036840527382,0.003063998661240416,No,"['IN', 'DT', 'VBG']"
175,the following approaches:,[0][5][18][1][0],"['TaggedPDF-doc', 'Part', 'Sect', 'P', 'statement', 'word']",{},0.00423728813559322,1.0910804693473326,0.004623222327742935,No,"['DT', 'VBG', 'NN']"
176,Exhaustive Functional/Timing simulation,[0][5][18][2][0][1][0],"['TaggedPDF-doc', 'Part', 'Sect', 'Table', 'TR', 'TD', 'statement', 'word']",['TD'],0.00423728813559322,1.0910804693473326,0.004623222327742935,No,"['JJ', 'JJ', 'NN']"
177,Results are compared,[0][5][18][2][1][1][0],"['TaggedPDF-doc', 'Part', 'Sect', 'Table', 'TR', 'TD', 'statement', 'word']",['TD'],0.00423728813559322,1.0910804693473326,0.004623222327742935,No,"['NNS', 'VBP', 'VBN']"
178,are compared with,[0][5][18][2][1][1][0],"['TaggedPDF-doc', 'Part', 'Sect', 'Table', 'TR', 'TD', 'statement', 'word']",['TD'],0.00423728813559322,0.9661417327390326,0.004093820901436579,No,"['VBP', 'VBN', 'IN']"
179,compared with the,[0][5][18][2][1][1][0],"['TaggedPDF-doc', 'Part', 'Sect', 'Table', 'TR', 'TD', 'statement', 'word']",['TD'],0.00423728813559322,1.0910804693473326,0.004623222327742935,No,"['VBN', 'IN', 'DT']"
180,with the Ccode,[0][5][18][2][1][1][0],"['TaggedPDF-doc', 'Part', 'Sect', 'Table', 'TR', 'TD', 'statement', 'word']",['TD'],0.00423728813559322,1.0910804693473326,0.004623222327742935,No,"['IN', 'DT', 'NNP']"
181,generated results and,[0][5][18][2][2][1][0],"['TaggedPDF-doc', 'Part', 'Sect', 'Table', 'TR', 'TD', 'statement', 'word']",['TD'],0.00423728813559322,1.0910804693473326,0.004623222327742935,No,"['VBD', 'NNS', 'CC']"
182,results and Behavioral,[0][5][18][2][2][1][0],"['TaggedPDF-doc', 'Part', 'Sect', 'Table', 'TR', 'TD', 'statement', 'word']",['TD'],0.00423728813559322,1.0910804693473326,0.004623222327742935,No,"['NNS', 'CC', 'NNP']"
183,and Behavioral model,[0][5][18][2][2][1][0],"['TaggedPDF-doc', 'Part', 'Sect', 'Table', 'TR', 'TD', 'statement', 'word']",['TD'],0.00423728813559322,1.0910804693473326,0.004623222327742935,No,"['CC', 'NNP', 'NN']"
184,Emulated on Xilinx,[0][5][18][2][4][1][0],"['TaggedPDF-doc', 'Part', 'Sect', 'Table', 'TR', 'TD', 'statement', 'word']",['TD'],0.00423728813559322,1.2671717284030137,0.005369371730521245,No,"['NNP', 'IN', 'NNP']"
185,on Xilinx FPGA,[0][5][18][2][4][1][0],"['TaggedPDF-doc', 'Part', 'Sect', 'Table', 'TR', 'TD', 'statement', 'word']",['TD'],0.00423728813559322,1.0910804693473326,0.004623222327742935,No,"['IN', 'NNP', 'NNP']"
186,"Verilog Behavioral, RTL",[0][5][18][4][0][1][0],"['TaggedPDF-doc', 'Part', 'Sect', 'Table', 'TR', 'TD', 'statement', 'word']",['TD'],0.00423728813559322,1.0910804693473326,0.004623222327742935,Yes,"['NNP', 'NNP', ',', 'NNP']"
187,"Behavioral, RTL source",[0][5][18][4][0][1][0],"['TaggedPDF-doc', 'Part', 'Sect', 'Table', 'TR', 'TD', 'statement', 'word']",['TD'],0.00423728813559322,1.0910804693473326,0.004623222327742935,No,"['NNP', ',', 'NNP', 'NN']"
188,RTL source code,[0][5][18][4][0][1][0],"['TaggedPDF-doc', 'Part', 'Sect', 'Table', 'TR', 'TD', 'statement', 'word']",['TD'],0.00423728813559322,1.0910804693473326,0.004623222327742935,No,"['NNP', 'NN', 'NN']"
189,Ccode for generation,[0][5][18][4][2][1][0],"['TaggedPDF-doc', 'Part', 'Sect', 'Table', 'TR', 'TD', 'statement', 'word']",['TD'],0.00423728813559322,1.0910804693473326,0.004623222327742935,No,"['NNP', 'IN', 'NN']"
190,for generation of,[0][5][18][4][2][1][0],"['TaggedPDF-doc', 'Part', 'Sect', 'Table', 'TR', 'TD', 'statement', 'word']",['TD'],0.00423728813559322,1.0910804693473326,0.004623222327742935,No,"['IN', 'NN', 'IN']"
191,generation of test,[0][5][18][4][2][1][0],"['TaggedPDF-doc', 'Part', 'Sect', 'Table', 'TR', 'TD', 'statement', 'word']",['TD'],0.00423728813559322,1.0910804693473326,0.004623222327742935,No,"['NN', 'IN', 'NN']"
192,of test vectors,[0][5][18][4][2][1][0],"['TaggedPDF-doc', 'Part', 'Sect', 'Table', 'TR', 'TD', 'statement', 'word']",['TD'],0.00423728813559322,1.0910804693473326,0.004623222327742935,No,"['IN', 'NN', 'NNS']"
193,Detailed user documentation,[0][5][18][4][3][1][0],"['TaggedPDF-doc', 'Part', 'Sect', 'Table', 'TR', 'TD', 'statement', 'word']",['TD'],0.00423728813559322,1.0910804693473326,0.004623222327742935,No,"['JJ', 'NN', 'NN']"
194,SoftJin Technologies Pvt,[0][5][19][0],"['TaggedPDF-doc', 'Part', 'P', 'statement', 'word']",{},0.012711864406779662,1.0910804693473326,0.013869666983228805,Yes,"['NNP', 'NNPS', 'NNP']"
195,"Ltd.India: 102, 1st",[0][5][19][1],"['TaggedPDF-doc', 'Part', 'P', 'statement', 'word']",{},0.012711864406779662,1.0910804693473326,0.013869666983228805,No,"['JJ', ':', 'CD', ',', 'CD']"
196,"102, 1st Floor,",[0][5][19][1],"['TaggedPDF-doc', 'Part', 'P', 'statement', 'word']",{},0.012711864406779662,1.0910804693473326,0.013869666983228805,No,"['CD', ',', 'CD', '-NONE-']"
197,"1st Floor, Mobius",[0][5][19][1],"['TaggedPDF-doc', 'Part', 'P', 'statement', 'word']",{},0.012711864406779662,1.0910804693473326,0.013869666983228805,No,"['CD', 'NNP', ',', 'NNP']"
198,"Floor, Mobius Tower,",[0][5][19][1],"['TaggedPDF-doc', 'Part', 'P', 'statement', 'word']",{},0.012711864406779662,1.0910804693473326,0.013869666983228805,Yes,"['NNP', ',', 'NNP', 'NNP']"
199,"Mobius Tower, SJR",[0][5][19][1],"['TaggedPDF-doc', 'Part', 'P', 'statement', 'word']",{},0.012711864406779662,1.0910804693473326,0.013869666983228805,Yes,"['NNP', 'NNP', ',', 'NNP']"
200,"Tower, SJR iPark,",[0][5][19][1],"['TaggedPDF-doc', 'Part', 'P', 'statement', 'word']",{},0.012711864406779662,1.0910804693473326,0.013869666983228805,No,"['NNP', ',', 'NNP', 'NNP']"
201,"SJR iPark, EPIP,",[0][5][19][1],"['TaggedPDF-doc', 'Part', 'P', 'statement', 'word']",{},0.012711864406779662,1.0910804693473326,0.013869666983228805,No,"['NNP', 'NNP', ',', 'NNP']"
202,"iPark, EPIP, White",[0][5][19][1],"['TaggedPDF-doc', 'Part', 'P', 'statement', 'word']",{},0.012711864406779662,1.0910804693473326,0.013869666983228805,No,"['NNP', ',', 'NNP', ',', 'NNP']"
203,"EPIP, White Field,",[0][5][19][1],"['TaggedPDF-doc', 'Part', 'P', 'statement', 'word']",{},0.012711864406779662,1.0910804693473326,0.013869666983228805,Yes,"['NNP', ',', 'NNP', 'NNP']"
204,"White Field, BANGALORE",[0][5][19][1],"['TaggedPDF-doc', 'Part', 'P', 'statement', 'word']",{},0.012711864406779662,1.0910804693473326,0.013869666983228805,Yes,"['NNP', 'NNP', ',', 'NNP']"
205,"Field, BANGALORE 560",[0][5][19][1],"['TaggedPDF-doc', 'Part', 'P', 'statement', 'word']",{},0.012711864406779662,1.0910804693473326,0.013869666983228805,No,"['NNP', ',', 'NNP', 'CD']"
206,"BANGALORE 560 066,",[0][5][19][1],"['TaggedPDF-doc', 'Part', 'P', 'statement', 'word']",{},0.012711864406779662,1.0910804693473326,0.013869666983228805,No,"['NNP', 'CD', 'CD']"
207,"560 066, Karnataka,",[0][5][19][1],"['TaggedPDF-doc', 'Part', 'P', 'statement', 'word']",{},0.012711864406779662,1.0910804693473326,0.013869666983228805,No,"['CD', 'CD', ',', 'NNP']"
208,"066, Karnataka, India,",[0][5][19][1],"['TaggedPDF-doc', 'Part', 'P', 'statement', 'word']",{},0.012711864406779662,1.0910804693473326,0.013869666983228805,No,"['CD', ',', 'NNP', ',', 'NNP']"
209,"Karnataka, India, Tel:",[0][5][19][1],"['TaggedPDF-doc', 'Part', 'P', 'statement', 'word']",{},0.012711864406779662,1.0910804693473326,0.013869666983228805,Yes,"['NNP', ',', 'NNP', ',', 'NNP']"
210,"India, Tel: 918041779999,",[0][5][19][1],"['TaggedPDF-doc', 'Part', 'P', 'statement', 'word']",{},0.012711864406779662,1.0910804693473326,0.013869666983228805,No,"['NNP', ',', 'NNP', ':', 'CD']"
211,"Tel: 918041779999, Fax:",[0][5][19][1],"['TaggedPDF-doc', 'Part', 'P', 'statement', 'word']",{},0.012711864406779662,1.0910804693473326,0.013869666983228805,No,"['NNP', ':', 'CD', ',', 'NNP']"
212,"918041779999, Fax: 918041157070",[0][5][19][1],"['TaggedPDF-doc', 'Part', 'P', 'statement', 'word']",{},0.012711864406779662,1.0910804693473326,0.013869666983228805,No,"['CD', ',', 'NNP', ':', 'CD']"
213,Fax: 918041157070 US:,[0][5][19][1],"['TaggedPDF-doc', 'Part', 'P', 'statement', 'word']",{},0.012711864406779662,1.0910804693473326,0.013869666983228805,No,"['NNP', ':', 'CD', 'NN']"
214,918041157070 US: 2900,[0][5][19][1],"['TaggedPDF-doc', 'Part', 'P', 'statement', 'word']",{},0.012711864406779662,1.0910804693473326,0.013869666983228805,No,"['CD', 'PRP', ':', 'CD']"
215,US: 2900 Gordon,[0][5][19][1],"['TaggedPDF-doc', 'Part', 'P', 'statement', 'word']",{},0.012711864406779662,1.0910804693473326,0.013869666983228805,No,"['PRP', ':', 'CD', 'NNP']"
216,"2900 Gordon Ave,",[0][5][19][1],"['TaggedPDF-doc', 'Part', 'P', 'statement', 'word']",{},0.012711864406779662,1.0910804693473326,0.013869666983228805,No,"['CD', 'NNP', 'NNP']"
217,"Gordon Ave, Suite",[0][5][19][1],"['TaggedPDF-doc', 'Part', 'P', 'statement', 'word']",{},0.012711864406779662,1.0910804693473326,0.013869666983228805,Yes,"['NNP', 'NNP', ',', 'NNP']"
218,"Ave, Suite 10011,",[0][5][19][1],"['TaggedPDF-doc', 'Part', 'P', 'statement', 'word']",{},0.012711864406779662,1.0910804693473326,0.013869666983228805,No,"['NNP', ',', 'NNP', 'CD']"
219,"Suite 10011, Santa",[0][5][19][1],"['TaggedPDF-doc', 'Part', 'P', 'statement', 'word']",{},0.012711864406779662,1.0910804693473326,0.013869666983228805,No,"['NNP', 'CD', ',', 'NNP']"
220,"10011, Santa Clara,",[0][5][19][1],"['TaggedPDF-doc', 'Part', 'P', 'statement', 'word']",{},0.012711864406779662,1.0910804693473326,0.013869666983228805,No,"['CD', ',', 'NNP', 'NNP']"
221,"Santa Clara, CA",[0][5][19][1],"['TaggedPDF-doc', 'Part', 'P', 'statement', 'word']",{},0.012711864406779662,1.0910804693473326,0.013869666983228805,Yes,"['NNP', 'NNP', ',', 'NNP']"
222,"Clara, CA 95051,",[0][5][19][1],"['TaggedPDF-doc', 'Part', 'P', 'statement', 'word']",{},0.012711864406779662,1.0910804693473326,0.013869666983228805,No,"['NNP', ',', 'NNP', 'CD']"
223,"CA 95051, USA,",[0][5][19][1],"['TaggedPDF-doc', 'Part', 'P', 'statement', 'word']",{},0.012711864406779662,1.0910804693473326,0.013869666983228805,No,"['NNP', 'CD', ',', 'NNP']"
224,"95051, USA, Tel:",[0][5][19][1],"['TaggedPDF-doc', 'Part', 'P', 'statement', 'word']",{},0.012711864406779662,1.0910804693473326,0.013869666983228805,No,"['CD', ',', 'NNP', ',', 'NNP']"
225,"USA, Tel: (408)",[0][5][19][1],"['TaggedPDF-doc', 'Part', 'P', 'statement', 'word']",{},0.012711864406779662,1.0910804693473326,0.013869666983228805,No,"['NNP', ',', 'NNP', ':', ':', 'CD', 'CD']"
226,"Tel: (408) 7731714,",[0][5][19][1],"['TaggedPDF-doc', 'Part', 'P', 'statement', 'word']",{},0.012711864406779662,1.0910804693473326,0.013869666983228805,No,"['NNP', ':', ':', 'CD', 'CD', 'CD']"
227,"(408) 7731714, Fax:",[0][5][19][1],"['TaggedPDF-doc', 'Part', 'P', 'statement', 'word']",{},0.012711864406779662,1.0910804693473326,0.013869666983228805,No,"['NN', 'CD', 'CD', 'CD', ',', 'NNP']"
228,"7731714, Fax: (408)",[0][5][19][1],"['TaggedPDF-doc', 'Part', 'P', 'statement', 'word']",{},0.012711864406779662,1.0910804693473326,0.013869666983228805,No,"['CD', ',', 'NNP', ':', ':', 'CD', 'CD']"
229,Fax: (408) 7731745,[0][5][19][1],"['TaggedPDF-doc', 'Part', 'P', 'statement', 'word']",{},0.012711864406779662,1.0910804693473326,0.013869666983228805,No,"['NNP', ':', ':', 'CD', 'CD', 'CD']"
230,(408) 7731745 Email:,[0][5][19][1],"['TaggedPDF-doc', 'Part', 'P', 'statement', 'word']",{},0.012711864406779662,1.0910804693473326,0.013869666983228805,No,"['NN', 'CD', 'CD', 'CD', 'JJ']"
231,7731745 Email: sales@softjin.com,[0][5][19][1],"['TaggedPDF-doc', 'Part', 'P', 'statement', 'word']",{},0.012711864406779662,1.0910804693473326,0.013869666983228805,No,"['CD', 'NNP', ':', 'NNS', 'IN', 'JJ']"
232,Email: sales@softjin.com Web:,[0][5][19][1],"['TaggedPDF-doc', 'Part', 'P', 'statement', 'word']",{},0.012711864406779662,1.0910804693473326,0.013869666983228805,No,"['NNP', ':', 'NNS', 'IN', 'JJ', 'NN']"
233,sales@softjin.com Web: www.softjin.com,[0][5][19][1],"['TaggedPDF-doc', 'Part', 'P', 'statement', 'word']",{},0.012711864406779662,1.0910804693473326,0.013869666983228805,No,"['NNS', 'VBP', 'JJ', 'NNP', ':', 'JJ']"
234,Web: www.softjin.com Page,[0][5][19][1],"['TaggedPDF-doc', 'Part', 'P', 'statement', 'word']",{},0.012711864406779662,1.0910804693473326,0.013869666983228805,No,"['NNP', ':', 'JJ', 'NN']"
235,www.softjin.com Page |,[0][5][19][1],"['TaggedPDF-doc', 'Part', 'P', 'statement', 'word']",{},0.012711864406779662,1.0910804693473326,0.013869666983228805,No,"['NN', 'NNP', 'NNP']"
236,Page | 3,[0][5][19][1],"['TaggedPDF-doc', 'Part', 'P', 'statement', 'word']",{},0.00423728813559322,1.0910804693473326,0.004623222327742935,No,"['NN', '``', 'CD']"
