S.No,Bigram,Location Vector,Signature,Signature Weight,Tf,Idf,Tf - Idf Score,Is First Letter Capitalized,POS
1,begin='&#65279;' id='W5M0MpCehiHzreSzNTczkc9d',0 0 0,"['TaggedPDF-doc', <built-in function ProcessingInstruction>, 'statement', 'word']",{},0.0036496350364963502,1.2671717284030137,0.0046247143372372766,No,"['NN', 'POS', 'CC', '#', 'CD', ':', ""''"", 'JJ', ""''""]"
2,"begin=""&#65279;"" id=""W5M0MpCehiHzreSzNTczkc9d""",0 1 0,"['TaggedPDF-doc', <built-in function ProcessingInstruction>, 'statement', 'word']",{},0.0036496350364963502,0.01189922329970769,4.3427822261706894e-05,No,"['NN', ""''"", 'CC', '#', 'CD', ':', ""''"", '-NONE-', ""''"", 'NNP', ""''""]"
3,Microsoft Word,0 2 0 0 2 0 0 0,"['TaggedPDF-doc', '{adobe:ns:meta/}xmpmeta', '{http://www.w3.org/1999/02/22-rdf-syntax-ns#}RDF', '{http://www.w3.org/1999/02/22-rdf-syntax-ns#}Description', '{http://purl.org/dc/elements/1.1/}title', '{http://www.w3.org/1999/02/22-rdf-syntax-ns#}Alt', '{http://www.w3.org/1999/02/22-rdf-syntax-ns#}li', 'statement', 'word']",{},0.0036496350364963502,0.6139592146276701,0.0022407270606849272,Yes,"['NNP', 'NNP']"
4,Word -,0 2 0 0 2 0 0 0,"['TaggedPDF-doc', '{adobe:ns:meta/}xmpmeta', '{http://www.w3.org/1999/02/22-rdf-syntax-ns#}RDF', '{http://www.w3.org/1999/02/22-rdf-syntax-ns#}Description', '{http://purl.org/dc/elements/1.1/}title', '{http://www.w3.org/1999/02/22-rdf-syntax-ns#}Alt', '{http://www.w3.org/1999/02/22-rdf-syntax-ns#}li', 'statement', 'word']",{},0.0036496350364963502,0.9661417327390326,0.0035260647180256665,No,"['NNP', ':']"
5,- FloatingPoint_AddSub_datasheet,0 2 0 0 2 0 0 0,"['TaggedPDF-doc', '{adobe:ns:meta/}xmpmeta', '{http://www.w3.org/1999/02/22-rdf-syntax-ns#}RDF', '{http://www.w3.org/1999/02/22-rdf-syntax-ns#}Description', '{http://purl.org/dc/elements/1.1/}title', '{http://www.w3.org/1999/02/22-rdf-syntax-ns#}Alt', '{http://www.w3.org/1999/02/22-rdf-syntax-ns#}li', 'statement', 'word']",{},0.0036496350364963502,1.2671717284030137,0.0046247143372372766,No,"[':', 'NNP']"
6,PScript5.dll Version,0 2 0 1 1 0,"['TaggedPDF-doc', '{adobe:ns:meta/}xmpmeta', '{http://www.w3.org/1999/02/22-rdf-syntax-ns#}RDF', '{http://www.w3.org/1999/02/22-rdf-syntax-ns#}Description', '{http://ns.adobe.com/xap/1.0/}CreatorTool', 'statement', 'word']",{},0.0036496350364963502,0.6139592146276701,0.0022407270606849272,Yes,"['JJ', 'NN']"
7,Version 5.2,0 2 0 1 1 0,"['TaggedPDF-doc', '{adobe:ns:meta/}xmpmeta', '{http://www.w3.org/1999/02/22-rdf-syntax-ns#}RDF', '{http://www.w3.org/1999/02/22-rdf-syntax-ns#}Description', '{http://ns.adobe.com/xap/1.0/}CreatorTool', 'statement', 'word']",{},0.0036496350364963502,0.9661417327390326,0.0035260647180256665,No,"['NN', 'CD']"
8,GPL Ghostscript,0 2 0 2 0 0,"['TaggedPDF-doc', '{adobe:ns:meta/}xmpmeta', '{http://www.w3.org/1999/02/22-rdf-syntax-ns#}RDF', '{http://www.w3.org/1999/02/22-rdf-syntax-ns#}Description', '{http://ns.adobe.com/pdf/1.3/}Producer', 'statement', 'word']",{},0.0036496350364963502,1.0910804693473326,0.003982045508566907,Yes,"['NNP', 'NNP']"
9,Ghostscript 8.15,0 2 0 2 0 0,"['TaggedPDF-doc', '{adobe:ns:meta/}xmpmeta', '{http://www.w3.org/1999/02/22-rdf-syntax-ns#}RDF', '{http://www.w3.org/1999/02/22-rdf-syntax-ns#}Description', '{http://ns.adobe.com/pdf/1.3/}Producer', 'statement', 'word']",{},0.0036496350364963502,1.0910804693473326,0.003982045508566907,No,"['NNP', 'CD']"
10,FLOATING POINT,0 5 0 0,"['TaggedPDF-doc', 'Part', 'H3', 'statement', 'word']",['H3'],0.0036496350364963502,0.9661417327390326,0.0035260647180256665,Yes,"['NN', 'NN']"
11,POINT ADD/SUB,0 5 0 0,"['TaggedPDF-doc', 'Part', 'H3', 'statement', 'word']",['H3'],0.0036496350364963502,1.2671717284030137,0.0046247143372372766,Yes,"['NN', 'NN']"
12,ADD/SUB IP,0 5 0 0,"['TaggedPDF-doc', 'Part', 'H3', 'statement', 'word']",['H3'],0.0036496350364963502,1.2671717284030137,0.0046247143372372766,Yes,"['NN', 'NNP']"
13,SoftJin Technologies,0 5 2 0,"['TaggedPDF-doc', 'Part', 'P', 'statement', 'word']",{},0.010948905109489052,1.0910804693473326,0.011946136525700722,Yes,"['NNP', 'NNPS']"
14,Technologies Pvt,0 5 2 0,"['TaggedPDF-doc', 'Part', 'P', 'statement', 'word']",{},0.010948905109489052,1.0910804693473326,0.011946136525700722,Yes,"['NNS', 'NNP']"
15,"Ltd.India: 102,",0 5 2 1,"['TaggedPDF-doc', 'Part', 'P', 'statement', 'word']",{},0.010948905109489052,1.0910804693473326,0.011946136525700722,No,"['JJ', ':', 'CD']"
16,"102, 1st",0 5 2 1,"['TaggedPDF-doc', 'Part', 'P', 'statement', 'word']",{},0.010948905109489052,1.0910804693473326,0.011946136525700722,No,"['CD', ',', 'CD']"
17,"1st Floor,",0 5 2 1,"['TaggedPDF-doc', 'Part', 'P', 'statement', 'word']",{},0.010948905109489052,1.0910804693473326,0.011946136525700722,No,"['CD', 'NN']"
18,"Floor, Mobius",0 5 2 1,"['TaggedPDF-doc', 'Part', 'P', 'statement', 'word']",{},0.010948905109489052,1.0910804693473326,0.011946136525700722,Yes,"['NNP', ',', 'NNP']"
19,"Mobius Tower,",0 5 2 1,"['TaggedPDF-doc', 'Part', 'P', 'statement', 'word']",{},0.010948905109489052,1.0910804693473326,0.011946136525700722,Yes,"['NNP', 'NNP']"
20,"Tower, SJR",0 5 2 1,"['TaggedPDF-doc', 'Part', 'P', 'statement', 'word']",{},0.010948905109489052,1.0910804693473326,0.011946136525700722,Yes,"['NNP', ',', 'NNP']"
21,"SJR iPark,",0 5 2 1,"['TaggedPDF-doc', 'Part', 'P', 'statement', 'word']",{},0.010948905109489052,1.0910804693473326,0.011946136525700722,No,"['NNP', 'NNP']"
22,"iPark, EPIP,",0 5 2 1,"['TaggedPDF-doc', 'Part', 'P', 'statement', 'word']",{},0.010948905109489052,1.0910804693473326,0.011946136525700722,No,"['NNP', ',', 'NNP']"
23,"EPIP, White",0 5 2 1,"['TaggedPDF-doc', 'Part', 'P', 'statement', 'word']",{},0.010948905109489052,1.0910804693473326,0.011946136525700722,Yes,"['NNP', ',', 'NNP']"
24,"White Field,",0 5 2 1,"['TaggedPDF-doc', 'Part', 'P', 'statement', 'word']",{},0.010948905109489052,1.0910804693473326,0.011946136525700722,Yes,"['NNP', 'NNP']"
25,"Field, BANGALORE",0 5 2 1,"['TaggedPDF-doc', 'Part', 'P', 'statement', 'word']",{},0.010948905109489052,1.0910804693473326,0.011946136525700722,Yes,"['NNP', ',', 'NNP']"
26,BANGALORE 560,0 5 2 1,"['TaggedPDF-doc', 'Part', 'P', 'statement', 'word']",{},0.010948905109489052,1.0910804693473326,0.011946136525700722,No,"['NNP', 'CD']"
27,"560 066,",0 5 2 1,"['TaggedPDF-doc', 'Part', 'P', 'statement', 'word']",{},0.010948905109489052,1.0910804693473326,0.011946136525700722,No,"['CD', 'CD']"
28,"066, Karnataka,",0 5 2 1,"['TaggedPDF-doc', 'Part', 'P', 'statement', 'word']",{},0.010948905109489052,1.0910804693473326,0.011946136525700722,No,"['CD', ',', 'NNP']"
29,"Karnataka, India,",0 5 2 1,"['TaggedPDF-doc', 'Part', 'P', 'statement', 'word']",{},0.010948905109489052,1.0910804693473326,0.011946136525700722,Yes,"['NNP', ',', 'NNP']"
30,"India, Tel:",0 5 2 1,"['TaggedPDF-doc', 'Part', 'P', 'statement', 'word']",{},0.010948905109489052,1.0910804693473326,0.011946136525700722,Yes,"['NNP', ',', 'NNP']"
31,"Tel: 918041779999,",0 5 2 1,"['TaggedPDF-doc', 'Part', 'P', 'statement', 'word']",{},0.010948905109489052,1.0910804693473326,0.011946136525700722,No,"['NNP', ':', 'CD']"
32,"918041779999, Fax:",0 5 2 1,"['TaggedPDF-doc', 'Part', 'P', 'statement', 'word']",{},0.010948905109489052,1.0910804693473326,0.011946136525700722,No,"['CD', ',', 'NNP']"
33,Fax: 918041157070,0 5 2 1,"['TaggedPDF-doc', 'Part', 'P', 'statement', 'word']",{},0.010948905109489052,1.0910804693473326,0.011946136525700722,No,"['NNP', ':', 'CD']"
34,918041157070 US:,0 5 2 1,"['TaggedPDF-doc', 'Part', 'P', 'statement', 'word']",{},0.010948905109489052,1.0910804693473326,0.011946136525700722,No,"['CD', 'NN']"
35,US: 2900,0 5 2 1,"['TaggedPDF-doc', 'Part', 'P', 'statement', 'word']",{},0.010948905109489052,1.0910804693473326,0.011946136525700722,No,"['PRP', ':', 'CD']"
36,2900 Gordon,0 5 2 1,"['TaggedPDF-doc', 'Part', 'P', 'statement', 'word']",{},0.010948905109489052,1.0910804693473326,0.011946136525700722,No,"['CD', 'NNP']"
37,"Gordon Ave,",0 5 2 1,"['TaggedPDF-doc', 'Part', 'P', 'statement', 'word']",{},0.010948905109489052,1.0910804693473326,0.011946136525700722,Yes,"['NNP', 'NNP']"
38,"Ave, Suite",0 5 2 1,"['TaggedPDF-doc', 'Part', 'P', 'statement', 'word']",{},0.010948905109489052,1.0910804693473326,0.011946136525700722,Yes,"['NNP', ',', 'NNP']"
39,"Suite 10011,",0 5 2 1,"['TaggedPDF-doc', 'Part', 'P', 'statement', 'word']",{},0.010948905109489052,1.0910804693473326,0.011946136525700722,No,"['NNP', 'CD']"
40,"10011, Santa",0 5 2 1,"['TaggedPDF-doc', 'Part', 'P', 'statement', 'word']",{},0.010948905109489052,1.0910804693473326,0.011946136525700722,No,"['CD', ',', 'NNP']"
41,"Santa Clara,",0 5 2 1,"['TaggedPDF-doc', 'Part', 'P', 'statement', 'word']",{},0.010948905109489052,1.0910804693473326,0.011946136525700722,Yes,"['NNP', 'NNP']"
42,"Clara, CA",0 5 2 1,"['TaggedPDF-doc', 'Part', 'P', 'statement', 'word']",{},0.010948905109489052,1.0910804693473326,0.011946136525700722,Yes,"['NNP', ',', 'NNP']"
43,"CA 95051,",0 5 2 1,"['TaggedPDF-doc', 'Part', 'P', 'statement', 'word']",{},0.010948905109489052,1.0910804693473326,0.011946136525700722,No,"['NNP', 'CD']"
44,"95051, USA,",0 5 2 1,"['TaggedPDF-doc', 'Part', 'P', 'statement', 'word']",{},0.010948905109489052,1.0910804693473326,0.011946136525700722,No,"['CD', ',', 'NNP']"
45,"USA, Tel:",0 5 2 1,"['TaggedPDF-doc', 'Part', 'P', 'statement', 'word']",{},0.010948905109489052,1.0910804693473326,0.011946136525700722,Yes,"['NNP', ',', 'NNP']"
46,Tel: (408),0 5 2 1,"['TaggedPDF-doc', 'Part', 'P', 'statement', 'word']",{},0.010948905109489052,1.0910804693473326,0.011946136525700722,No,"['NNP', ':', ':', 'CD', 'CD']"
47,"(408) 7731714,",0 5 2 1,"['TaggedPDF-doc', 'Part', 'P', 'statement', 'word']",{},0.010948905109489052,1.0910804693473326,0.011946136525700722,No,"['NN', 'CD', 'CD', 'CD']"
48,"7731714, Fax:",0 5 2 1,"['TaggedPDF-doc', 'Part', 'P', 'statement', 'word']",{},0.010948905109489052,1.0910804693473326,0.011946136525700722,No,"['CD', ',', 'NNP']"
49,Fax: (408),0 5 2 1,"['TaggedPDF-doc', 'Part', 'P', 'statement', 'word']",{},0.010948905109489052,1.0910804693473326,0.011946136525700722,No,"['NNP', ':', ':', 'CD', 'CD']"
50,(408) 7731745,0 5 2 1,"['TaggedPDF-doc', 'Part', 'P', 'statement', 'word']",{},0.010948905109489052,1.0910804693473326,0.011946136525700722,No,"['NN', 'CD', 'CD', 'CD']"
51,7731745 Email:,0 5 2 1,"['TaggedPDF-doc', 'Part', 'P', 'statement', 'word']",{},0.010948905109489052,1.0910804693473326,0.011946136525700722,No,"['CD', 'NN']"
52,Email: sales@softjin.com,0 5 2 1,"['TaggedPDF-doc', 'Part', 'P', 'statement', 'word']",{},0.010948905109489052,1.0910804693473326,0.011946136525700722,No,"['NNP', ':', 'NNS', 'IN', 'JJ']"
53,sales@softjin.com Web:,0 5 2 1,"['TaggedPDF-doc', 'Part', 'P', 'statement', 'word']",{},0.010948905109489052,1.0910804693473326,0.011946136525700722,No,"['NNS', 'VBP', 'JJ', 'NN']"
54,Web: www.softjin.com,0 5 2 1,"['TaggedPDF-doc', 'Part', 'P', 'statement', 'word']",{},0.010948905109489052,1.0910804693473326,0.011946136525700722,No,"['NNP', ':', 'JJ']"
55,www.softjin.com Page,0 5 2 1,"['TaggedPDF-doc', 'Part', 'P', 'statement', 'word']",{},0.010948905109489052,1.0910804693473326,0.011946136525700722,No,"['NN', 'NNP']"
56,Page |,0 5 2 1,"['TaggedPDF-doc', 'Part', 'P', 'statement', 'word']",{},0.010948905109489052,1.0910804693473326,0.011946136525700722,No,"['NN', '``']"
57,| 1,0 5 2 1,"['TaggedPDF-doc', 'Part', 'P', 'statement', 'word']",{},0.0036496350364963502,1.0910804693473326,0.003982045508566907,No,"['NN', 'CD']"
58,IEEE 754,0 5 3 0 0,"['TaggedPDF-doc', 'Part', 'Sect', 'P', 'statement', 'word']",{},0.0072992700729927005,0.422073688388757,0.0030808298422537006,No,"['NNP', 'CD']"
59,754 Format:,0 5 3 0 0,"['TaggedPDF-doc', 'Part', 'Sect', 'P', 'statement', 'word']",{},0.0036496350364963502,1.2671717284030137,0.0046247143372372766,No,"['CD', 'NN']"
60,Figure 1:,0 5 7 0,"['TaggedPDF-doc', 'Part', 'P', 'statement', 'word']",{},0.0036496350364963502,1.0910804693473326,0.003982045508566907,No,"['NN', 'CD']"
61,1: Floating,0 5 7 0,"['TaggedPDF-doc', 'Part', 'P', 'statement', 'word']",{},0.0036496350364963502,1.2671717284030137,0.0046247143372372766,No,"['LS', ':', 'NNP']"
62,Floating Point,0 5 7 0,"['TaggedPDF-doc', 'Part', 'P', 'statement', 'word']",{},0.0036496350364963502,0.31292921896368886,0.001142077441473317,Yes,"['VBG', 'NNP']"
63,Point Representation,0 5 7 0,"['TaggedPDF-doc', 'Part', 'P', 'statement', 'word']",{},0.0036496350364963502,1.2671717284030137,0.0046247143372372766,Yes,"['NN', 'NNP']"
64,Representation in,0 5 7 0,"['TaggedPDF-doc', 'Part', 'P', 'statement', 'word']",{},0.0036496350364963502,1.0910804693473326,0.003982045508566907,No,"['NN', 'IN']"
65,in IEEE,0 5 7 0,"['TaggedPDF-doc', 'Part', 'P', 'statement', 'word']",{},0.0036496350364963502,0.6651117370750514,0.0024274150988140564,No,"['IN', 'NNP']"
66,IEEE 754,0 5 7 0,"['TaggedPDF-doc', 'Part', 'P', 'statement', 'word']",{},0.0072992700729927005,0.422073688388757,0.0030808298422537006,No,"['NNP', 'CD']"
67,754 format,0 5 7 0,"['TaggedPDF-doc', 'Part', 'P', 'statement', 'word']",{},0.0036496350364963502,1.2671717284030137,0.0046247143372372766,No,"['CD', 'NN']"
68,Figure2: Implementation,0 5 10 0,"['TaggedPDF-doc', 'Part', 'P', 'statement', 'word']",{},0.0036496350364963502,1.2671717284030137,0.0046247143372372766,Yes,"['NNP', ':', 'NNP']"
69,Implementation Blocks,0 5 10 0,"['TaggedPDF-doc', 'Part', 'P', 'statement', 'word']",{},0.0036496350364963502,1.2671717284030137,0.0046247143372372766,Yes,"['NN', 'NNS']"
70,Blocks of,0 5 10 0,"['TaggedPDF-doc', 'Part', 'P', 'statement', 'word']",{},0.0036496350364963502,1.2671717284030137,0.0046247143372372766,No,"['NNS', 'IN']"
71,of FPU,0 5 10 0,"['TaggedPDF-doc', 'Part', 'P', 'statement', 'word']",{},0.0036496350364963502,1.0910804693473326,0.003982045508566907,No,"['IN', 'NNP']"
72,Signal Table:,0 5 11 0 0,"['TaggedPDF-doc', 'Part', 'Sect', 'P', 'statement', 'word']",{},0.0036496350364963502,1.2671717284030137,0.0046247143372372766,Yes,"['NNP', 'NNP']"
73,Data Width,0 5 12 0 2 0,"['TaggedPDF-doc', 'Part', 'Table', 'TR', 'TH', 'statement', 'word']",['TH'],0.0036496350364963502,1.0910804693473326,0.003982045508566907,Yes,"['NNP', 'NNP']"
74,This is,0 5 12 1 3 0,"['TaggedPDF-doc', 'Part', 'Table', 'TR', 'TD', 'statement', 'word']",['TD'],0.014598540145985401,0.31292921896368886,0.004568309765893268,No,"['DT', 'VBZ']"
75,is the,0 5 12 1 3 0,"['TaggedPDF-doc', 'Part', 'Table', 'TR', 'TD', 'statement', 'word']",['TD'],0.014598540145985401,0.31292921896368886,0.004568309765893268,No,"['VBZ', 'DT']"
76,the port,0 5 12 1 3 0,"['TaggedPDF-doc', 'Part', 'Table', 'TR', 'TD', 'statement', 'word']",['TD'],0.010948905109489052,0.9661417327390326,0.010578194154077,No,"['DT', 'NN']"
77,port through,0 5 12 1 3 0,"['TaggedPDF-doc', 'Part', 'Table', 'TR', 'TD', 'statement', 'word']",['TD'],0.014598540145985401,1.2671717284030137,0.018498857348949106,No,"['NN', 'IN']"
78,through which,0 5 12 1 3 0,"['TaggedPDF-doc', 'Part', 'Table', 'TR', 'TD', 'statement', 'word']",['TD'],0.014598540145985401,1.2671717284030137,0.018498857348949106,No,"['IN', 'WDT']"
79,which the,0 5 12 1 3 0,"['TaggedPDF-doc', 'Part', 'Table', 'TR', 'TD', 'statement', 'word']",['TD'],0.014598540145985401,0.7231036840527382,0.010556258161353842,No,"['WDT', 'DT']"
80,the first,0 5 12 1 3 0,"['TaggedPDF-doc', 'Part', 'Table', 'TR', 'TD', 'statement', 'word']",['TD'],0.0036496350364963502,0.4890204780193702,0.0017847462701436867,No,"['DT', 'JJ']"
81,first input,0 5 12 1 3 0,"['TaggedPDF-doc', 'Part', 'Table', 'TR', 'TD', 'statement', 'word']",['TD'],0.0036496350364963502,1.0910804693473326,0.003982045508566907,No,"['JJ', 'NN']"
82,input is,0 5 12 1 3 0,"['TaggedPDF-doc', 'Part', 'Table', 'TR', 'TD', 'statement', 'word']",['TD'],0.0072992700729927005,0.568201724066995,0.004147457839905073,No,"['NN', 'VBZ']"
83,is fed,0 5 12 1 3 0,"['TaggedPDF-doc', 'Part', 'Table', 'TR', 'TD', 'statement', 'word']",['TD'],0.010948905109489052,1.2671717284030137,0.01387414301171183,No,"['VBZ', 'VBN']"
84,fed through,0 5 12 1 3 0,"['TaggedPDF-doc', 'Part', 'Table', 'TR', 'TD', 'statement', 'word']",['TD'],0.0072992700729927005,1.2671717284030137,0.009249428674474553,No,"['VBD', 'IN']"
85,This is,0 5 12 2 3 0,"['TaggedPDF-doc', 'Part', 'Table', 'TR', 'TD', 'statement', 'word']",['TD'],0.014598540145985401,0.31292921896368886,0.004568309765893268,No,"['DT', 'VBZ']"
86,is the,0 5 12 2 3 0,"['TaggedPDF-doc', 'Part', 'Table', 'TR', 'TD', 'statement', 'word']",['TD'],0.014598540145985401,0.31292921896368886,0.004568309765893268,No,"['VBZ', 'DT']"
87,the port,0 5 12 2 3 0,"['TaggedPDF-doc', 'Part', 'Table', 'TR', 'TD', 'statement', 'word']",['TD'],0.010948905109489052,0.9661417327390326,0.010578194154077,No,"['DT', 'NN']"
88,port through,0 5 12 2 3 0,"['TaggedPDF-doc', 'Part', 'Table', 'TR', 'TD', 'statement', 'word']",['TD'],0.014598540145985401,1.2671717284030137,0.018498857348949106,No,"['NN', 'IN']"
89,through which,0 5 12 2 3 0,"['TaggedPDF-doc', 'Part', 'Table', 'TR', 'TD', 'statement', 'word']",['TD'],0.014598540145985401,1.2671717284030137,0.018498857348949106,No,"['IN', 'WDT']"
90,which the,0 5 12 2 3 0,"['TaggedPDF-doc', 'Part', 'Table', 'TR', 'TD', 'statement', 'word']",['TD'],0.014598540145985401,0.7231036840527382,0.010556258161353842,No,"['WDT', 'DT']"
91,the second,0 5 12 2 3 0,"['TaggedPDF-doc', 'Part', 'Table', 'TR', 'TD', 'statement', 'word']",['TD'],0.0036496350364963502,0.52680903890877,0.0019226607259444158,No,"['DT', 'JJ']"
92,second input,0 5 12 2 3 0,"['TaggedPDF-doc', 'Part', 'Table', 'TR', 'TD', 'statement', 'word']",['TD'],0.0036496350364963502,1.0910804693473326,0.003982045508566907,No,"['JJ', 'NN']"
93,input is,0 5 12 2 3 0,"['TaggedPDF-doc', 'Part', 'Table', 'TR', 'TD', 'statement', 'word']",['TD'],0.0072992700729927005,0.568201724066995,0.004147457839905073,No,"['NN', 'VBZ']"
94,is fed,0 5 12 2 3 0,"['TaggedPDF-doc', 'Part', 'Table', 'TR', 'TD', 'statement', 'word']",['TD'],0.010948905109489052,1.2671717284030137,0.01387414301171183,No,"['VBZ', 'VBN']"
95,fed through,0 5 12 2 3 0,"['TaggedPDF-doc', 'Part', 'Table', 'TR', 'TD', 'statement', 'word']",['TD'],0.0072992700729927005,1.2671717284030137,0.009249428674474553,No,"['VBD', 'IN']"
96,This is,0 5 12 3 3 0,"['TaggedPDF-doc', 'Part', 'Table', 'TR', 'TD', 'statement', 'word']",['TD'],0.014598540145985401,0.31292921896368886,0.004568309765893268,No,"['DT', 'VBZ']"
97,is the,0 5 12 3 3 0,"['TaggedPDF-doc', 'Part', 'Table', 'TR', 'TD', 'statement', 'word']",['TD'],0.014598540145985401,0.31292921896368886,0.004568309765893268,No,"['VBZ', 'DT']"
98,the input,0 5 12 3 3 0,"['TaggedPDF-doc', 'Part', 'Table', 'TR', 'TD', 'statement', 'word']",['TD'],0.0036496350364963502,0.3921104650113138,0.0014310600912821672,No,"['DT', 'NN']"
99,input port,0 5 12 3 3 0,"['TaggedPDF-doc', 'Part', 'Table', 'TR', 'TD', 'statement', 'word']",['TD'],0.0036496350364963502,0.9661417327390326,0.0035260647180256665,No,"['NN', 'NN']"
100,port through,0 5 12 3 3 0,"['TaggedPDF-doc', 'Part', 'Table', 'TR', 'TD', 'statement', 'word']",['TD'],0.014598540145985401,1.2671717284030137,0.018498857348949106,No,"['NN', 'IN']"
101,through which,0 5 12 3 3 0,"['TaggedPDF-doc', 'Part', 'Table', 'TR', 'TD', 'statement', 'word']",['TD'],0.014598540145985401,1.2671717284030137,0.018498857348949106,No,"['IN', 'WDT']"
102,which the,0 5 12 3 3 0,"['TaggedPDF-doc', 'Part', 'Table', 'TR', 'TD', 'statement', 'word']",['TD'],0.014598540145985401,0.7231036840527382,0.010556258161353842,No,"['WDT', 'DT']"
103,the entire,0 5 12 3 3 0,"['TaggedPDF-doc', 'Part', 'Table', 'TR', 'TD', 'statement', 'word']",['TD'],0.0036496350364963502,0.6651117370750514,0.0024274150988140564,No,"['DT', 'JJ']"
104,entire system,0 5 12 3 3 0,"['TaggedPDF-doc', 'Part', 'Table', 'TR', 'TD', 'statement', 'word']",['TD'],0.0036496350364963502,1.0910804693473326,0.003982045508566907,No,"['NN', 'NN']"
105,system is,0 5 12 3 3 0,"['TaggedPDF-doc', 'Part', 'Table', 'TR', 'TD', 'statement', 'word']",['TD'],0.0036496350364963502,1.0910804693473326,0.003982045508566907,No,"['NN', 'VBZ']"
106,is synchronous,0 5 12 3 3 0,"['TaggedPDF-doc', 'Part', 'Table', 'TR', 'TD', 'statement', 'word']",['TD'],0.0036496350364963502,1.0910804693473326,0.003982045508566907,No,"['VBZ', 'JJ']"
107,synchronous with,0 5 12 3 3 0,"['TaggedPDF-doc', 'Part', 'Table', 'TR', 'TD', 'statement', 'word']",['TD'],0.0036496350364963502,0.9661417327390326,0.0035260647180256665,No,"['JJ', 'IN']"
108,The input,0 5 12 4 3 0,"['TaggedPDF-doc', 'Part', 'Table', 'TR', 'TD', 'statement', 'word']",['TD'],0.0036496350364963502,0.568201724066995,0.0020737289199525364,No,"['DT', 'NN']"
109,input to,0 5 12 4 3 0,"['TaggedPDF-doc', 'Part', 'Table', 'TR', 'TD', 'statement', 'word']",['TD'],0.0036496350364963502,0.52680903890877,0.0019226607259444158,No,"['NN', 'TO']"
110,to this,0 5 12 4 3 0,"['TaggedPDF-doc', 'Part', 'Table', 'TR', 'TD', 'statement', 'word']",['TD'],0.0036496350364963502,0.568201724066995,0.0020737289199525364,No,"['TO', 'DT']"
111,this port,0 5 12 4 3 0,"['TaggedPDF-doc', 'Part', 'Table', 'TR', 'TD', 'statement', 'word']",['TD'],0.0036496350364963502,1.0910804693473326,0.003982045508566907,No,"['DT', 'NN']"
112,port decides,0 5 12 4 3 0,"['TaggedPDF-doc', 'Part', 'Table', 'TR', 'TD', 'statement', 'word']",['TD'],0.0036496350364963502,1.2671717284030137,0.0046247143372372766,No,"['NN', 'VBZ']"
113,decides the,0 5 12 4 3 0,"['TaggedPDF-doc', 'Part', 'Table', 'TR', 'TD', 'statement', 'word']",['TD'],0.0036496350364963502,1.2671717284030137,0.0046247143372372766,No,"['NNS', 'DT']"
114,the mode,0 5 12 4 3 0,"['TaggedPDF-doc', 'Part', 'Table', 'TR', 'TD', 'statement', 'word']",['TD'],0.0036496350364963502,0.8692317197309762,0.003172378539164147,No,"['DT', 'NN']"
115,mode of,0 5 12 4 3 0,"['TaggedPDF-doc', 'Part', 'Table', 'TR', 'TD', 'statement', 'word']",['TD'],0.0036496350364963502,0.9661417327390326,0.0035260647180256665,No,"['NN', 'IN']"
116,of arithmetic,0 5 12 4 3 0,"['TaggedPDF-doc', 'Part', 'Table', 'TR', 'TD', 'statement', 'word']",['TD'],0.0036496350364963502,1.0910804693473326,0.003982045508566907,No,"['IN', 'JJ']"
117,arithmetic operation,0 5 12 4 3 0,"['TaggedPDF-doc', 'Part', 'Table', 'TR', 'TD', 'statement', 'word']",['TD'],0.0036496350364963502,0.9661417327390326,0.0035260647180256665,No,"['JJ', 'NN']"
118,0 for,0 5 12 4 3 1,"['TaggedPDF-doc', 'Part', 'Table', 'TR', 'TD', 'statement', 'word']",['TD'],0.0036496350364963502,0.8692317197309762,0.003172378539164147,No,"['-NONE-', 'IN']"
119,for addition,0 5 12 4 3 1,"['TaggedPDF-doc', 'Part', 'Table', 'TR', 'TD', 'statement', 'word']",['TD'],0.0036496350364963502,1.0910804693473326,0.003982045508566907,No,"['IN', 'NN']"
120,addition and,0 5 12 4 3 1,"['TaggedPDF-doc', 'Part', 'Table', 'TR', 'TD', 'statement', 'word']",['TD'],0.0036496350364963502,0.9661417327390326,0.0035260647180256665,No,"['NN', 'CC']"
121,and 1,0 5 12 4 3 1,"['TaggedPDF-doc', 'Part', 'Table', 'TR', 'TD', 'statement', 'word']",['TD'],0.0036496350364963502,0.6651117370750514,0.0024274150988140564,No,"['CC', 'CD']"
122,1 for,0 5 12 4 3 1,"['TaggedPDF-doc', 'Part', 'Table', 'TR', 'TD', 'statement', 'word']",['TD'],0.0036496350364963502,0.8692317197309762,0.003172378539164147,No,"['LS', 'IN']"
123,for subtraction,0 5 12 4 3 1,"['TaggedPDF-doc', 'Part', 'Table', 'TR', 'TD', 'statement', 'word']",['TD'],0.0036496350364963502,1.0910804693473326,0.003982045508566907,No,"['IN', 'NN']"
124,This is,0 5 12 5 3 0,"['TaggedPDF-doc', 'Part', 'Table', 'TR', 'TD', 'statement', 'word']",['TD'],0.014598540145985401,0.31292921896368886,0.004568309765893268,No,"['DT', 'VBZ']"
125,is the,0 5 12 5 3 0,"['TaggedPDF-doc', 'Part', 'Table', 'TR', 'TD', 'statement', 'word']",['TD'],0.014598540145985401,0.31292921896368886,0.004568309765893268,No,"['VBZ', 'DT']"
126,the port,0 5 12 5 3 0,"['TaggedPDF-doc', 'Part', 'Table', 'TR', 'TD', 'statement', 'word']",['TD'],0.010948905109489052,0.9661417327390326,0.010578194154077,No,"['DT', 'NN']"
127,port through,0 5 12 5 3 0,"['TaggedPDF-doc', 'Part', 'Table', 'TR', 'TD', 'statement', 'word']",['TD'],0.014598540145985401,1.2671717284030137,0.018498857348949106,No,"['NN', 'IN']"
128,through which,0 5 12 5 3 0,"['TaggedPDF-doc', 'Part', 'Table', 'TR', 'TD', 'statement', 'word']",['TD'],0.014598540145985401,1.2671717284030137,0.018498857348949106,No,"['IN', 'WDT']"
129,which the,0 5 12 5 3 0,"['TaggedPDF-doc', 'Part', 'Table', 'TR', 'TD', 'statement', 'word']",['TD'],0.014598540145985401,0.7231036840527382,0.010556258161353842,No,"['WDT', 'DT']"
130,the output,0 5 12 5 3 0,"['TaggedPDF-doc', 'Part', 'Table', 'TR', 'TD', 'statement', 'word']",['TD'],0.0036496350364963502,0.33775280268872104,0.001232674462367595,No,"['DT', 'NN']"
131,output is,0 5 12 5 3 0,"['TaggedPDF-doc', 'Part', 'Table', 'TR', 'TD', 'statement', 'word']",['TD'],0.0036496350364963502,0.7900504736833514,0.002883395889355297,No,"['NN', 'VBZ']"
132,is fed,0 5 12 5 3 0,"['TaggedPDF-doc', 'Part', 'Table', 'TR', 'TD', 'statement', 'word']",['TD'],0.010948905109489052,1.2671717284030137,0.01387414301171183,No,"['VBZ', 'VBN']"
133,fed out,0 5 12 5 3 0,"['TaggedPDF-doc', 'Part', 'Table', 'TR', 'TD', 'statement', 'word']",['TD'],0.0036496350364963502,1.2671717284030137,0.0046247143372372766,No,"['VBD', 'IN']"
134,Table 1:,0 5 13 0,"['TaggedPDF-doc', 'Part', 'P', 'statement', 'word']",{},0.0036496350364963502,0.8692317197309762,0.003172378539164147,No,"['JJ', 'CD']"
135,1: Signal,0 5 13 0,"['TaggedPDF-doc', 'Part', 'P', 'statement', 'word']",{},0.0036496350364963502,1.0910804693473326,0.003982045508566907,No,"['LS', ':', 'JJ']"
136,Signal Definition,0 5 13 0,"['TaggedPDF-doc', 'Part', 'P', 'statement', 'word']",{},0.0036496350364963502,1.0910804693473326,0.003982045508566907,Yes,"['NNP', 'NNP']"
137,Definition Table,0 5 13 0,"['TaggedPDF-doc', 'Part', 'P', 'statement', 'word']",{},0.0036496350364963502,1.0910804693473326,0.003982045508566907,Yes,"['NN', 'NNP']"
138,SoftJin Technologies,0 5 14 0,"['TaggedPDF-doc', 'Part', 'P', 'statement', 'word']",{},0.010948905109489052,1.0910804693473326,0.011946136525700722,Yes,"['NNP', 'NNPS']"
139,Technologies Pvt,0 5 14 0,"['TaggedPDF-doc', 'Part', 'P', 'statement', 'word']",{},0.010948905109489052,1.0910804693473326,0.011946136525700722,Yes,"['NNS', 'NNP']"
140,"Ltd.India: 102,",0 5 14 1,"['TaggedPDF-doc', 'Part', 'P', 'statement', 'word']",{},0.010948905109489052,1.0910804693473326,0.011946136525700722,No,"['JJ', ':', 'CD']"
141,"102, 1st",0 5 14 1,"['TaggedPDF-doc', 'Part', 'P', 'statement', 'word']",{},0.010948905109489052,1.0910804693473326,0.011946136525700722,No,"['CD', ',', 'CD']"
142,"1st Floor,",0 5 14 1,"['TaggedPDF-doc', 'Part', 'P', 'statement', 'word']",{},0.010948905109489052,1.0910804693473326,0.011946136525700722,No,"['CD', 'NN']"
143,"Floor, Mobius",0 5 14 1,"['TaggedPDF-doc', 'Part', 'P', 'statement', 'word']",{},0.010948905109489052,1.0910804693473326,0.011946136525700722,Yes,"['NNP', ',', 'NNP']"
144,"Mobius Tower,",0 5 14 1,"['TaggedPDF-doc', 'Part', 'P', 'statement', 'word']",{},0.010948905109489052,1.0910804693473326,0.011946136525700722,Yes,"['NNP', 'NNP']"
145,"Tower, SJR",0 5 14 1,"['TaggedPDF-doc', 'Part', 'P', 'statement', 'word']",{},0.010948905109489052,1.0910804693473326,0.011946136525700722,Yes,"['NNP', ',', 'NNP']"
146,"SJR iPark,",0 5 14 1,"['TaggedPDF-doc', 'Part', 'P', 'statement', 'word']",{},0.010948905109489052,1.0910804693473326,0.011946136525700722,No,"['NNP', 'NNP']"
147,"iPark, EPIP,",0 5 14 1,"['TaggedPDF-doc', 'Part', 'P', 'statement', 'word']",{},0.010948905109489052,1.0910804693473326,0.011946136525700722,No,"['NNP', ',', 'NNP']"
148,"EPIP, White",0 5 14 1,"['TaggedPDF-doc', 'Part', 'P', 'statement', 'word']",{},0.010948905109489052,1.0910804693473326,0.011946136525700722,Yes,"['NNP', ',', 'NNP']"
149,"White Field,",0 5 14 1,"['TaggedPDF-doc', 'Part', 'P', 'statement', 'word']",{},0.010948905109489052,1.0910804693473326,0.011946136525700722,Yes,"['NNP', 'NNP']"
150,"Field, BANGALORE",0 5 14 1,"['TaggedPDF-doc', 'Part', 'P', 'statement', 'word']",{},0.010948905109489052,1.0910804693473326,0.011946136525700722,Yes,"['NNP', ',', 'NNP']"
151,BANGALORE 560,0 5 14 1,"['TaggedPDF-doc', 'Part', 'P', 'statement', 'word']",{},0.010948905109489052,1.0910804693473326,0.011946136525700722,No,"['NNP', 'CD']"
152,"560 066,",0 5 14 1,"['TaggedPDF-doc', 'Part', 'P', 'statement', 'word']",{},0.010948905109489052,1.0910804693473326,0.011946136525700722,No,"['CD', 'CD']"
153,"066, Karnataka,",0 5 14 1,"['TaggedPDF-doc', 'Part', 'P', 'statement', 'word']",{},0.010948905109489052,1.0910804693473326,0.011946136525700722,No,"['CD', ',', 'NNP']"
154,"Karnataka, India,",0 5 14 1,"['TaggedPDF-doc', 'Part', 'P', 'statement', 'word']",{},0.010948905109489052,1.0910804693473326,0.011946136525700722,Yes,"['NNP', ',', 'NNP']"
155,"India, Tel:",0 5 14 1,"['TaggedPDF-doc', 'Part', 'P', 'statement', 'word']",{},0.010948905109489052,1.0910804693473326,0.011946136525700722,Yes,"['NNP', ',', 'NNP']"
156,"Tel: 918041779999,",0 5 14 1,"['TaggedPDF-doc', 'Part', 'P', 'statement', 'word']",{},0.010948905109489052,1.0910804693473326,0.011946136525700722,No,"['NNP', ':', 'CD']"
157,"918041779999, Fax:",0 5 14 1,"['TaggedPDF-doc', 'Part', 'P', 'statement', 'word']",{},0.010948905109489052,1.0910804693473326,0.011946136525700722,No,"['CD', ',', 'NNP']"
158,Fax: 918041157070,0 5 14 1,"['TaggedPDF-doc', 'Part', 'P', 'statement', 'word']",{},0.010948905109489052,1.0910804693473326,0.011946136525700722,No,"['NNP', ':', 'CD']"
159,918041157070 US:,0 5 14 1,"['TaggedPDF-doc', 'Part', 'P', 'statement', 'word']",{},0.010948905109489052,1.0910804693473326,0.011946136525700722,No,"['CD', 'NN']"
160,US: 2900,0 5 14 1,"['TaggedPDF-doc', 'Part', 'P', 'statement', 'word']",{},0.010948905109489052,1.0910804693473326,0.011946136525700722,No,"['PRP', ':', 'CD']"
161,2900 Gordon,0 5 14 1,"['TaggedPDF-doc', 'Part', 'P', 'statement', 'word']",{},0.010948905109489052,1.0910804693473326,0.011946136525700722,No,"['CD', 'NNP']"
162,"Gordon Ave,",0 5 14 1,"['TaggedPDF-doc', 'Part', 'P', 'statement', 'word']",{},0.010948905109489052,1.0910804693473326,0.011946136525700722,Yes,"['NNP', 'NNP']"
163,"Ave, Suite",0 5 14 1,"['TaggedPDF-doc', 'Part', 'P', 'statement', 'word']",{},0.010948905109489052,1.0910804693473326,0.011946136525700722,Yes,"['NNP', ',', 'NNP']"
164,"Suite 10011,",0 5 14 1,"['TaggedPDF-doc', 'Part', 'P', 'statement', 'word']",{},0.010948905109489052,1.0910804693473326,0.011946136525700722,No,"['NNP', 'CD']"
165,"10011, Santa",0 5 14 1,"['TaggedPDF-doc', 'Part', 'P', 'statement', 'word']",{},0.010948905109489052,1.0910804693473326,0.011946136525700722,No,"['CD', ',', 'NNP']"
166,"Santa Clara,",0 5 14 1,"['TaggedPDF-doc', 'Part', 'P', 'statement', 'word']",{},0.010948905109489052,1.0910804693473326,0.011946136525700722,Yes,"['NNP', 'NNP']"
167,"Clara, CA",0 5 14 1,"['TaggedPDF-doc', 'Part', 'P', 'statement', 'word']",{},0.010948905109489052,1.0910804693473326,0.011946136525700722,Yes,"['NNP', ',', 'NNP']"
168,"CA 95051,",0 5 14 1,"['TaggedPDF-doc', 'Part', 'P', 'statement', 'word']",{},0.010948905109489052,1.0910804693473326,0.011946136525700722,No,"['NNP', 'CD']"
169,"95051, USA,",0 5 14 1,"['TaggedPDF-doc', 'Part', 'P', 'statement', 'word']",{},0.010948905109489052,1.0910804693473326,0.011946136525700722,No,"['CD', ',', 'NNP']"
170,"USA, Tel:",0 5 14 1,"['TaggedPDF-doc', 'Part', 'P', 'statement', 'word']",{},0.010948905109489052,1.0910804693473326,0.011946136525700722,Yes,"['NNP', ',', 'NNP']"
171,Tel: (408),0 5 14 1,"['TaggedPDF-doc', 'Part', 'P', 'statement', 'word']",{},0.010948905109489052,1.0910804693473326,0.011946136525700722,No,"['NNP', ':', ':', 'CD', 'CD']"
172,"(408) 7731714,",0 5 14 1,"['TaggedPDF-doc', 'Part', 'P', 'statement', 'word']",{},0.010948905109489052,1.0910804693473326,0.011946136525700722,No,"['NN', 'CD', 'CD', 'CD']"
173,"7731714, Fax:",0 5 14 1,"['TaggedPDF-doc', 'Part', 'P', 'statement', 'word']",{},0.010948905109489052,1.0910804693473326,0.011946136525700722,No,"['CD', ',', 'NNP']"
174,Fax: (408),0 5 14 1,"['TaggedPDF-doc', 'Part', 'P', 'statement', 'word']",{},0.010948905109489052,1.0910804693473326,0.011946136525700722,No,"['NNP', ':', ':', 'CD', 'CD']"
175,(408) 7731745,0 5 14 1,"['TaggedPDF-doc', 'Part', 'P', 'statement', 'word']",{},0.010948905109489052,1.0910804693473326,0.011946136525700722,No,"['NN', 'CD', 'CD', 'CD']"
176,7731745 Email:,0 5 14 1,"['TaggedPDF-doc', 'Part', 'P', 'statement', 'word']",{},0.010948905109489052,1.0910804693473326,0.011946136525700722,No,"['CD', 'NN']"
177,Email: sales@softjin.com,0 5 14 1,"['TaggedPDF-doc', 'Part', 'P', 'statement', 'word']",{},0.010948905109489052,1.0910804693473326,0.011946136525700722,No,"['NNP', ':', 'NNS', 'IN', 'JJ']"
178,sales@softjin.com Web:,0 5 14 1,"['TaggedPDF-doc', 'Part', 'P', 'statement', 'word']",{},0.010948905109489052,1.0910804693473326,0.011946136525700722,No,"['NNS', 'VBP', 'JJ', 'NN']"
179,Web: www.softjin.com,0 5 14 1,"['TaggedPDF-doc', 'Part', 'P', 'statement', 'word']",{},0.010948905109489052,1.0910804693473326,0.011946136525700722,No,"['NNP', ':', 'JJ']"
180,www.softjin.com Page,0 5 14 1,"['TaggedPDF-doc', 'Part', 'P', 'statement', 'word']",{},0.010948905109489052,1.0910804693473326,0.011946136525700722,No,"['NN', 'NNP']"
181,Page |,0 5 14 1,"['TaggedPDF-doc', 'Part', 'P', 'statement', 'word']",{},0.010948905109489052,1.0910804693473326,0.011946136525700722,No,"['NN', '``']"
182,| 2,0 5 14 1,"['TaggedPDF-doc', 'Part', 'P', 'statement', 'word']",{},0.0036496350364963502,1.0910804693473326,0.003982045508566907,No,"['NN', 'CD']"
183,Slice Count,0 5 16 0 1 0,"['TaggedPDF-doc', 'Part', 'Table', 'TR', 'TH', 'statement', 'word']",['TH'],0.0036496350364963502,1.0910804693473326,0.003982045508566907,Yes,"['NNP', 'NNP']"
184,Frequency (MHz),0 5 16 0 2 0,"['TaggedPDF-doc', 'Part', 'Table', 'TR', 'TH', 'statement', 'word']",['TH'],0.0036496350364963502,0.9661417327390326,0.0035260647180256665,No,"['NNP', ':', 'NNP', ':']"
185,Virtex4 (XC4VLX15SF363),0 5 16 1 0 0,"['TaggedPDF-doc', 'Part', 'Table', 'TR', 'TD', 'statement', 'word']",['TD'],0.0036496350364963502,1.2671717284030137,0.0046247143372372766,No,"['NNP', ':', 'NNP', ':']"
186,Virtex5 (XC5VLX30FF324),0 5 16 2 0 0,"['TaggedPDF-doc', 'Part', 'Table', 'TR', 'TD', 'statement', 'word']",['TD'],0.0036496350364963502,1.2671717284030137,0.0046247143372372766,No,"['NNP', ':', 'NNP', ':']"
187,Table 2:,0 5 17 0,"['TaggedPDF-doc', 'Part', 'P', 'statement', 'word']",{},0.0036496350364963502,0.8692317197309762,0.003172378539164147,No,"['JJ', 'CD']"
188,2: FPU,0 5 17 0,"['TaggedPDF-doc', 'Part', 'P', 'statement', 'word']",{},0.0036496350364963502,1.0910804693473326,0.003982045508566907,No,"['LS', ':', 'NNP']"
189,FPU add/sub,0 5 17 0,"['TaggedPDF-doc', 'Part', 'P', 'statement', 'word']",{},0.0036496350364963502,1.2671717284030137,0.0046247143372372766,No,"['NNP', 'NNP']"
190,add/sub IP,0 5 17 0,"['TaggedPDF-doc', 'Part', 'P', 'statement', 'word']",{},0.0036496350364963502,1.2671717284030137,0.0046247143372372766,No,"['NN', 'NNP']"
191,IP Performance,0 5 17 0,"['TaggedPDF-doc', 'Part', 'P', 'statement', 'word']",{},0.0036496350364963502,1.2671717284030137,0.0046247143372372766,Yes,"['NNP', 'NNP']"
192,Performance table,0 5 17 0,"['TaggedPDF-doc', 'Part', 'P', 'statement', 'word']",{},0.0036496350364963502,1.0910804693473326,0.003982045508566907,No,"['NN', 'NN']"
193,The Floating,0 5 18 1 0,"['TaggedPDF-doc', 'Part', 'Sect', 'P', 'statement', 'word']",{},0.0036496350364963502,0.7231036840527382,0.0026390645403384606,Yes,"['DT', 'NNP']"
194,Floating point,0 5 18 1 0,"['TaggedPDF-doc', 'Part', 'Sect', 'P', 'statement', 'word']",{},0.0036496350364963502,0.6651117370750514,0.0024274150988140564,No,"['VBG', 'NN']"
195,point adder/subtracter,0 5 18 1 0,"['TaggedPDF-doc', 'Part', 'Sect', 'P', 'statement', 'word']",{},0.0036496350364963502,1.2671717284030137,0.0046247143372372766,No,"['NN', 'NN']"
196,adder/subtracter IP,0 5 18 1 0,"['TaggedPDF-doc', 'Part', 'Sect', 'P', 'statement', 'word']",{},0.0036496350364963502,1.2671717284030137,0.0046247143372372766,No,"['JJ', 'NN']"
197,IP has,0 5 18 1 0,"['TaggedPDF-doc', 'Part', 'Sect', 'P', 'statement', 'word']",{},0.0036496350364963502,1.0910804693473326,0.003982045508566907,No,"['NNP', 'VBZ']"
198,has been,0 5 18 1 0,"['TaggedPDF-doc', 'Part', 'Sect', 'P', 'statement', 'word']",{},0.0036496350364963502,0.26717172840301384,0.0009750793007409264,No,"['VBZ', 'VBN']"
199,been verified,0 5 18 1 0,"['TaggedPDF-doc', 'Part', 'Sect', 'P', 'statement', 'word']",{},0.0036496350364963502,0.6139592146276701,0.0022407270606849272,No,"['VBN', 'VBN']"
200,verified with,0 5 18 1 0,"['TaggedPDF-doc', 'Part', 'Sect', 'P', 'statement', 'word']",{},0.0036496350364963502,1.0910804693473326,0.003982045508566907,No,"['VBD', 'IN']"
201,with the,0 5 18 1 0,"['TaggedPDF-doc', 'Part', 'Sect', 'P', 'statement', 'word']",{},0.0072992700729927005,0.15322837609617704,0.001118455299972095,No,"['IN', 'DT']"
202,the following,0 5 18 1 0,"['TaggedPDF-doc', 'Part', 'Sect', 'P', 'statement', 'word']",{},0.0036496350364963502,0.20647388804940212,0.000753554335946723,No,"['DT', 'VBG']"
203,following approaches:,0 5 18 1 0,"['TaggedPDF-doc', 'Part', 'Sect', 'P', 'statement', 'word']",{},0.0036496350364963502,1.0910804693473326,0.003982045508566907,No,"['VBG', 'NN']"
204,Exhaustive Functional/Timing,0 5 18 2 0 1 0,"['TaggedPDF-doc', 'Part', 'Sect', 'Table', 'TR', 'TD', 'statement', 'word']",['TD'],0.0036496350364963502,1.0910804693473326,0.003982045508566907,Yes,"['JJ', 'JJ']"
205,Functional/Timing simulation,0 5 18 2 0 1 0,"['TaggedPDF-doc', 'Part', 'Sect', 'Table', 'TR', 'TD', 'statement', 'word']",['TD'],0.0036496350364963502,1.0910804693473326,0.003982045508566907,No,"['JJ', 'NN']"
206,Results are,0 5 18 2 1 1 0,"['TaggedPDF-doc', 'Part', 'Sect', 'Table', 'TR', 'TD', 'statement', 'word']",['TD'],0.0036496350364963502,1.0910804693473326,0.003982045508566907,No,"['NNS', 'VBP']"
207,are compared,0 5 18 2 1 1 0,"['TaggedPDF-doc', 'Part', 'Sect', 'Table', 'TR', 'TD', 'statement', 'word']",['TD'],0.0036496350364963502,0.9661417327390326,0.0035260647180256665,No,"['VBP', 'VBN']"
208,compared with,0 5 18 2 1 1 0,"['TaggedPDF-doc', 'Part', 'Sect', 'Table', 'TR', 'TD', 'statement', 'word']",['TD'],0.0036496350364963502,0.8692317197309762,0.003172378539164147,No,"['VBN', 'IN']"
209,with the,0 5 18 2 1 1 0,"['TaggedPDF-doc', 'Part', 'Sect', 'Table', 'TR', 'TD', 'statement', 'word']",['TD'],0.0072992700729927005,0.15322837609617704,0.001118455299972095,No,"['IN', 'DT']"
210,the Ccode,0 5 18 2 1 1 0,"['TaggedPDF-doc', 'Part', 'Sect', 'Table', 'TR', 'TD', 'statement', 'word']",['TD'],0.0036496350364963502,1.0910804693473326,0.003982045508566907,No,"['DT', 'NNP']"
211,generated results,0 5 18 2 2 1 0,"['TaggedPDF-doc', 'Part', 'Sect', 'Table', 'TR', 'TD', 'statement', 'word']",['TD'],0.0036496350364963502,1.0910804693473326,0.003982045508566907,No,"['VBD', 'NNS']"
212,results and,0 5 18 2 2 1 0,"['TaggedPDF-doc', 'Part', 'Sect', 'Table', 'TR', 'TD', 'statement', 'word']",['TD'],0.0036496350364963502,0.8692317197309762,0.003172378539164147,No,"['NNS', 'CC']"
213,and Behavioral,0 5 18 2 2 1 0,"['TaggedPDF-doc', 'Part', 'Sect', 'Table', 'TR', 'TD', 'statement', 'word']",['TD'],0.0036496350364963502,1.0910804693473326,0.003982045508566907,No,"['CC', 'NNP']"
214,Behavioral model,0 5 18 2 2 1 0,"['TaggedPDF-doc', 'Part', 'Sect', 'Table', 'TR', 'TD', 'statement', 'word']",['TD'],0.0036496350364963502,1.0910804693473326,0.003982045508566907,No,"['NNP', 'NN']"
215,Emulated on,0 5 18 2 4 1 0,"['TaggedPDF-doc', 'Part', 'Sect', 'Table', 'TR', 'TD', 'statement', 'word']",['TD'],0.0036496350364963502,1.2671717284030137,0.0046247143372372766,No,"['NNP', 'IN']"
216,on Xilinx,0 5 18 2 4 1 0,"['TaggedPDF-doc', 'Part', 'Sect', 'Table', 'TR', 'TD', 'statement', 'word']",['TD'],0.0036496350364963502,1.0910804693473326,0.003982045508566907,No,"['IN', 'NNP']"
217,Xilinx FPGA,0 5 18 2 4 1 0,"['TaggedPDF-doc', 'Part', 'Sect', 'Table', 'TR', 'TD', 'statement', 'word']",['TD'],0.0036496350364963502,1.0910804693473326,0.003982045508566907,Yes,"['NNP', 'NNP']"
218,"Verilog Behavioral,",0 5 18 4 0 1 0,"['TaggedPDF-doc', 'Part', 'Sect', 'Table', 'TR', 'TD', 'statement', 'word']",['TD'],0.0036496350364963502,1.0910804693473326,0.003982045508566907,Yes,"['NNP', 'NNP']"
219,"Behavioral, RTL",0 5 18 4 0 1 0,"['TaggedPDF-doc', 'Part', 'Sect', 'Table', 'TR', 'TD', 'statement', 'word']",['TD'],0.0036496350364963502,1.0910804693473326,0.003982045508566907,Yes,"['NNP', ',', 'NNP']"
220,RTL source,0 5 18 4 0 1 0,"['TaggedPDF-doc', 'Part', 'Sect', 'Table', 'TR', 'TD', 'statement', 'word']",['TD'],0.0036496350364963502,1.0910804693473326,0.003982045508566907,No,"['NNP', 'NN']"
221,source code,0 5 18 4 0 1 0,"['TaggedPDF-doc', 'Part', 'Sect', 'Table', 'TR', 'TD', 'statement', 'word']",['TD'],0.0036496350364963502,0.31292921896368886,0.001142077441473317,No,"['NN', 'NN']"
222,Test Benches,0 5 18 4 1 1 0,"['TaggedPDF-doc', 'Part', 'Sect', 'Table', 'TR', 'TD', 'statement', 'word']",['TD'],0.0036496350364963502,1.0910804693473326,0.003982045508566907,Yes,"['NN', 'NNS']"
223,Ccode for,0 5 18 4 2 1 0,"['TaggedPDF-doc', 'Part', 'Sect', 'Table', 'TR', 'TD', 'statement', 'word']",['TD'],0.0036496350364963502,1.0910804693473326,0.003982045508566907,No,"['NNP', 'IN']"
224,for generation,0 5 18 4 2 1 0,"['TaggedPDF-doc', 'Part', 'Sect', 'Table', 'TR', 'TD', 'statement', 'word']",['TD'],0.0036496350364963502,1.0910804693473326,0.003982045508566907,No,"['IN', 'NN']"
225,generation of,0 5 18 4 2 1 0,"['TaggedPDF-doc', 'Part', 'Sect', 'Table', 'TR', 'TD', 'statement', 'word']",['TD'],0.0036496350364963502,1.0910804693473326,0.003982045508566907,No,"['NN', 'IN']"
226,of test,0 5 18 4 2 1 0,"['TaggedPDF-doc', 'Part', 'Sect', 'Table', 'TR', 'TD', 'statement', 'word']",['TD'],0.0036496350364963502,1.0910804693473326,0.003982045508566907,No,"['IN', 'NN']"
227,test vectors,0 5 18 4 2 1 0,"['TaggedPDF-doc', 'Part', 'Sect', 'Table', 'TR', 'TD', 'statement', 'word']",['TD'],0.0036496350364963502,0.4890204780193702,0.0017847462701436867,No,"['NN', 'NNS']"
228,Detailed user,0 5 18 4 3 1 0,"['TaggedPDF-doc', 'Part', 'Sect', 'Table', 'TR', 'TD', 'statement', 'word']",['TD'],0.0036496350364963502,1.0910804693473326,0.003982045508566907,No,"['JJ', 'NN']"
229,user documentation,0 5 18 4 3 1 0,"['TaggedPDF-doc', 'Part', 'Sect', 'Table', 'TR', 'TD', 'statement', 'word']",['TD'],0.0036496350364963502,1.0910804693473326,0.003982045508566907,No,"['NN', 'NN']"
230,SoftJin Technologies,0 5 19 0,"['TaggedPDF-doc', 'Part', 'P', 'statement', 'word']",{},0.010948905109489052,1.0910804693473326,0.011946136525700722,Yes,"['NNP', 'NNPS']"
231,Technologies Pvt,0 5 19 0,"['TaggedPDF-doc', 'Part', 'P', 'statement', 'word']",{},0.010948905109489052,1.0910804693473326,0.011946136525700722,Yes,"['NNS', 'NNP']"
232,"Ltd.India: 102,",0 5 19 1,"['TaggedPDF-doc', 'Part', 'P', 'statement', 'word']",{},0.010948905109489052,1.0910804693473326,0.011946136525700722,No,"['JJ', ':', 'CD']"
233,"102, 1st",0 5 19 1,"['TaggedPDF-doc', 'Part', 'P', 'statement', 'word']",{},0.010948905109489052,1.0910804693473326,0.011946136525700722,No,"['CD', ',', 'CD']"
234,"1st Floor,",0 5 19 1,"['TaggedPDF-doc', 'Part', 'P', 'statement', 'word']",{},0.010948905109489052,1.0910804693473326,0.011946136525700722,No,"['CD', 'NN']"
235,"Floor, Mobius",0 5 19 1,"['TaggedPDF-doc', 'Part', 'P', 'statement', 'word']",{},0.010948905109489052,1.0910804693473326,0.011946136525700722,Yes,"['NNP', ',', 'NNP']"
236,"Mobius Tower,",0 5 19 1,"['TaggedPDF-doc', 'Part', 'P', 'statement', 'word']",{},0.010948905109489052,1.0910804693473326,0.011946136525700722,Yes,"['NNP', 'NNP']"
237,"Tower, SJR",0 5 19 1,"['TaggedPDF-doc', 'Part', 'P', 'statement', 'word']",{},0.010948905109489052,1.0910804693473326,0.011946136525700722,Yes,"['NNP', ',', 'NNP']"
238,"SJR iPark,",0 5 19 1,"['TaggedPDF-doc', 'Part', 'P', 'statement', 'word']",{},0.010948905109489052,1.0910804693473326,0.011946136525700722,No,"['NNP', 'NNP']"
239,"iPark, EPIP,",0 5 19 1,"['TaggedPDF-doc', 'Part', 'P', 'statement', 'word']",{},0.010948905109489052,1.0910804693473326,0.011946136525700722,No,"['NNP', ',', 'NNP']"
240,"EPIP, White",0 5 19 1,"['TaggedPDF-doc', 'Part', 'P', 'statement', 'word']",{},0.010948905109489052,1.0910804693473326,0.011946136525700722,Yes,"['NNP', ',', 'NNP']"
241,"White Field,",0 5 19 1,"['TaggedPDF-doc', 'Part', 'P', 'statement', 'word']",{},0.010948905109489052,1.0910804693473326,0.011946136525700722,Yes,"['NNP', 'NNP']"
242,"Field, BANGALORE",0 5 19 1,"['TaggedPDF-doc', 'Part', 'P', 'statement', 'word']",{},0.010948905109489052,1.0910804693473326,0.011946136525700722,Yes,"['NNP', ',', 'NNP']"
243,BANGALORE 560,0 5 19 1,"['TaggedPDF-doc', 'Part', 'P', 'statement', 'word']",{},0.010948905109489052,1.0910804693473326,0.011946136525700722,No,"['NNP', 'CD']"
244,"560 066,",0 5 19 1,"['TaggedPDF-doc', 'Part', 'P', 'statement', 'word']",{},0.010948905109489052,1.0910804693473326,0.011946136525700722,No,"['CD', 'CD']"
245,"066, Karnataka,",0 5 19 1,"['TaggedPDF-doc', 'Part', 'P', 'statement', 'word']",{},0.010948905109489052,1.0910804693473326,0.011946136525700722,No,"['CD', ',', 'NNP']"
246,"Karnataka, India,",0 5 19 1,"['TaggedPDF-doc', 'Part', 'P', 'statement', 'word']",{},0.010948905109489052,1.0910804693473326,0.011946136525700722,Yes,"['NNP', ',', 'NNP']"
247,"India, Tel:",0 5 19 1,"['TaggedPDF-doc', 'Part', 'P', 'statement', 'word']",{},0.010948905109489052,1.0910804693473326,0.011946136525700722,Yes,"['NNP', ',', 'NNP']"
248,"Tel: 918041779999,",0 5 19 1,"['TaggedPDF-doc', 'Part', 'P', 'statement', 'word']",{},0.010948905109489052,1.0910804693473326,0.011946136525700722,No,"['NNP', ':', 'CD']"
249,"918041779999, Fax:",0 5 19 1,"['TaggedPDF-doc', 'Part', 'P', 'statement', 'word']",{},0.010948905109489052,1.0910804693473326,0.011946136525700722,No,"['CD', ',', 'NNP']"
250,Fax: 918041157070,0 5 19 1,"['TaggedPDF-doc', 'Part', 'P', 'statement', 'word']",{},0.010948905109489052,1.0910804693473326,0.011946136525700722,No,"['NNP', ':', 'CD']"
251,918041157070 US:,0 5 19 1,"['TaggedPDF-doc', 'Part', 'P', 'statement', 'word']",{},0.010948905109489052,1.0910804693473326,0.011946136525700722,No,"['CD', 'NN']"
252,US: 2900,0 5 19 1,"['TaggedPDF-doc', 'Part', 'P', 'statement', 'word']",{},0.010948905109489052,1.0910804693473326,0.011946136525700722,No,"['PRP', ':', 'CD']"
253,2900 Gordon,0 5 19 1,"['TaggedPDF-doc', 'Part', 'P', 'statement', 'word']",{},0.010948905109489052,1.0910804693473326,0.011946136525700722,No,"['CD', 'NNP']"
254,"Gordon Ave,",0 5 19 1,"['TaggedPDF-doc', 'Part', 'P', 'statement', 'word']",{},0.010948905109489052,1.0910804693473326,0.011946136525700722,Yes,"['NNP', 'NNP']"
255,"Ave, Suite",0 5 19 1,"['TaggedPDF-doc', 'Part', 'P', 'statement', 'word']",{},0.010948905109489052,1.0910804693473326,0.011946136525700722,Yes,"['NNP', ',', 'NNP']"
256,"Suite 10011,",0 5 19 1,"['TaggedPDF-doc', 'Part', 'P', 'statement', 'word']",{},0.010948905109489052,1.0910804693473326,0.011946136525700722,No,"['NNP', 'CD']"
257,"10011, Santa",0 5 19 1,"['TaggedPDF-doc', 'Part', 'P', 'statement', 'word']",{},0.010948905109489052,1.0910804693473326,0.011946136525700722,No,"['CD', ',', 'NNP']"
258,"Santa Clara,",0 5 19 1,"['TaggedPDF-doc', 'Part', 'P', 'statement', 'word']",{},0.010948905109489052,1.0910804693473326,0.011946136525700722,Yes,"['NNP', 'NNP']"
259,"Clara, CA",0 5 19 1,"['TaggedPDF-doc', 'Part', 'P', 'statement', 'word']",{},0.010948905109489052,1.0910804693473326,0.011946136525700722,Yes,"['NNP', ',', 'NNP']"
260,"CA 95051,",0 5 19 1,"['TaggedPDF-doc', 'Part', 'P', 'statement', 'word']",{},0.010948905109489052,1.0910804693473326,0.011946136525700722,No,"['NNP', 'CD']"
261,"95051, USA,",0 5 19 1,"['TaggedPDF-doc', 'Part', 'P', 'statement', 'word']",{},0.010948905109489052,1.0910804693473326,0.011946136525700722,No,"['CD', ',', 'NNP']"
262,"USA, Tel:",0 5 19 1,"['TaggedPDF-doc', 'Part', 'P', 'statement', 'word']",{},0.010948905109489052,1.0910804693473326,0.011946136525700722,Yes,"['NNP', ',', 'NNP']"
263,Tel: (408),0 5 19 1,"['TaggedPDF-doc', 'Part', 'P', 'statement', 'word']",{},0.010948905109489052,1.0910804693473326,0.011946136525700722,No,"['NNP', ':', ':', 'CD', 'CD']"
264,"(408) 7731714,",0 5 19 1,"['TaggedPDF-doc', 'Part', 'P', 'statement', 'word']",{},0.010948905109489052,1.0910804693473326,0.011946136525700722,No,"['NN', 'CD', 'CD', 'CD']"
265,"7731714, Fax:",0 5 19 1,"['TaggedPDF-doc', 'Part', 'P', 'statement', 'word']",{},0.010948905109489052,1.0910804693473326,0.011946136525700722,No,"['CD', ',', 'NNP']"
266,Fax: (408),0 5 19 1,"['TaggedPDF-doc', 'Part', 'P', 'statement', 'word']",{},0.010948905109489052,1.0910804693473326,0.011946136525700722,No,"['NNP', ':', ':', 'CD', 'CD']"
267,(408) 7731745,0 5 19 1,"['TaggedPDF-doc', 'Part', 'P', 'statement', 'word']",{},0.010948905109489052,1.0910804693473326,0.011946136525700722,No,"['NN', 'CD', 'CD', 'CD']"
268,7731745 Email:,0 5 19 1,"['TaggedPDF-doc', 'Part', 'P', 'statement', 'word']",{},0.010948905109489052,1.0910804693473326,0.011946136525700722,No,"['CD', 'NN']"
269,Email: sales@softjin.com,0 5 19 1,"['TaggedPDF-doc', 'Part', 'P', 'statement', 'word']",{},0.010948905109489052,1.0910804693473326,0.011946136525700722,No,"['NNP', ':', 'NNS', 'IN', 'JJ']"
270,sales@softjin.com Web:,0 5 19 1,"['TaggedPDF-doc', 'Part', 'P', 'statement', 'word']",{},0.010948905109489052,1.0910804693473326,0.011946136525700722,No,"['NNS', 'VBP', 'JJ', 'NN']"
271,Web: www.softjin.com,0 5 19 1,"['TaggedPDF-doc', 'Part', 'P', 'statement', 'word']",{},0.010948905109489052,1.0910804693473326,0.011946136525700722,No,"['NNP', ':', 'JJ']"
272,www.softjin.com Page,0 5 19 1,"['TaggedPDF-doc', 'Part', 'P', 'statement', 'word']",{},0.010948905109489052,1.0910804693473326,0.011946136525700722,No,"['NN', 'NNP']"
273,Page |,0 5 19 1,"['TaggedPDF-doc', 'Part', 'P', 'statement', 'word']",{},0.010948905109489052,1.0910804693473326,0.011946136525700722,No,"['NN', '``']"
274,| 3,0 5 19 1,"['TaggedPDF-doc', 'Part', 'P', 'statement', 'word']",{},0.0036496350364963502,1.0910804693473326,0.003982045508566907,No,"['NN', 'CD']"
